Customer ID,Account ID,Customer,Region,Industry/Sector,Asset Type,AssetI D,Contract Start Date,Contract End Date,Credit Score,Monthly Revenue (USD),Outstanding Balance,FinancedAmount (USD),Instalment Amount,Interest Rate,Debt-to-Income Ratio,Credit Utilisation %,On Time Payments (Count),LatePayments (Count),Days Past Due,Last Payment Date,Payment Pattern Category,Transaction Volume (30/60/90 days),Returned Payments Flag,RiskScore (AI-generated),Probability OfDefault (PD),ModelConfidence,Model Version,Risk Band,TopFeatures,Exposure At Default (EAD),Asset Value,Collateral Value,Contract Status,High Risk Flag,Fraud Check Flag,Compliance Issues Flag,Last KYC Review Date,Next Review Due Date,Data Source,Record Created Date,Last Updated Date,Data Quality Score,Customer Tenure,Number Of Open Accounts,Previous Defaults Flag,Country Risk Score
CUST0001,46,Heywood Haselwood,East,Healthcare,Mortgage,AST0001,04-Mar-22,45445,442,8717,177392,199161,4567,3.09,0.9,0.03,55,14,129,29-Mar-22,High-Risk,3/143/101,No,0.375,0.951,0.578,v2.7,High,"{""IncomeImpact"": 0.732, ""CreditHistory"": 0.599, ""DTI"": 0.156}",146852,429374,3407,Active,No,No,No,28-Sept-16,17-Mar-26,DataWarehouse,23-Feb-16,15-Jan-16,0.69,12,6,No,6
CUST0002,187,Giustina Battleson,North,Manufacturing,Loan,AST0002,08-Mar-23,47239,600,43198,162141,237115,3062,14.86,1.44,0.05,58,49,74,07-Sept-24,Good,29/25/194,No,0.058,0.866,0.985,v4.5,Low,"{""IncomeImpact"": 0.601, ""CreditHistory"": 0.708, ""DTI"": 0.021}",195081,191264,109842,Written-Off,No,Yes,Yes,27-Dec-20,02-Feb-29,CoreBanking,31-Oct-16,08-Mar-20,0.69,18,4,No,99
CUST0003,132,Briny Ratt,North,Retail,Credit Line,AST0003,14-Sept-23,45777,574,6337,55307,244373,4746,22.03,0.7,0.66,101,41,117,09-Jan-24,Good,33/35/126,No,0.832,0.212,0.762,v5.6,High,"{""IncomeImpact"": 0.182, ""CreditHistory"": 0.183, ""DTI"": 0.304}",210400,194790,114987,Active,No,Yes,Yes,28-Aug-24,13-Aug-25,CoreBanking,14-Jan-22,17-Oct-16,0.9,14,10,Yes,50
CUST0004,215,Say Kubasek,Central,Retail,Loan,AST0004,13-Apr-19,46373,417,46676,140763,201838,2285,19.45,0.75,0.29,40,29,0,12-Jul-24,High-Risk,92/67/256,Yes,0.432,0.291,0.683,v5.1,High,"{""IncomeImpact"": 0.612, ""CreditHistory"": 0.139, ""DTI"": 0.292}",157471,446277,334993,Written-Off,Yes,Yes,No,21-Jul-23,27-Nov-25,CRM,19-Sept-21,20-Aug-18,0.74,4,6,No,31
CUST0005,139,Jemmie Kermath,North,Finance,Credit Line,AST0005,26-Aug-15,43593,370,36911,32967,38657,3993,23.72,0.41,0.53,155,27,54,30-Oct-18,High-Risk,96/186/102,No,0.456,0.785,0.523,v4.5,Medium,"{""IncomeImpact"": 0.2, ""CreditHistory"": 0.514, ""DTI"": 0.592}",272358,241708,63441,Active,Yes,Yes,No,28-Mar-15,19-Apr-28,CoreBanking,07-Aug-21,21-Jun-17,0.5,2,4,Yes,5
CUST0006,161,Nicolle Balchen,Central,Healthcare,Lease,AST0006,22-Aug-24,47244,797,16040,141356,39684,4777,14.83,0.56,0.47,104,12,24,09-Sept-24,Good,84/110/181,No,0.608,0.171,0.904,v4.7,High,"{""IncomeImpact"": 0.065, ""CreditHistory"": 0.949, ""DTI"": 0.966}",29401,358036,342598,Written-Off,Yes,Yes,No,02-Mar-23,26-Nov-26,CRM,15-Oct-17,23-Feb-17,0.6,15,3,No,24
CUST0007,106,Mae Burgess,North,Manufacturing,Loan,AST0007,14-Feb-18,45404,351,44738,141711,224159,220,24.26,1.86,0.85,42,26,124,03-Dec-20,Irregular,27/102/30,Yes,0.305,0.098,0.748,v4.0,Medium,"{""IncomeImpact"": 0.684, ""CreditHistory"": 0.44, ""DTI"": 0.122}",140042,490762,238555,Closed,No,No,Yes,16-Feb-17,31-Aug-26,CoreBanking,28-Aug-15,30-Jun-21,0.87,2,6,Yes,7
CUST0008,186,Martin Batts,Central,Healthcare,Loan,AST0008,20-Jul-21,46714,820,7250,48712,22962,4974,2.63,1.74,0.4,145,15,148,14-May-24,High-Risk,5/158/41,No,0.034,0.909,0.76,v5.9,High,"{""IncomeImpact"": 0.259, ""CreditHistory"": 0.663, ""DTI"": 0.312}",166868,495055,136716,Active,No,Yes,No,10-Jun-19,26-Sept-25,DataWarehouse,16-Feb-20,19-Jul-18,0.96,3,1,No,80
CUST0009,152,Celestyna Eads,Central,Healthcare,Lease,AST0009,25-Apr-21,45085,435,24872,18033,235495,2101,9.87,0.4,0.83,180,19,156,09-Jul-21,High-Risk,67/2/283,No,0.547,0.185,0.947,v1.2,Medium,"{""IncomeImpact"": 0.97, ""CreditHistory"": 0.775, ""DTI"": 0.939}",61517,471465,56117,Written-Off,Yes,No,No,13-Oct-21,08-Mar-26,DataWarehouse,13-Apr-17,16-Sept-22,0.82,9,9,No,33
CUST0010,164,Felike Shitliffe,West,Retail,Loan,AST0010,27-Jun-24,46043,303,23859,34293,172015,2245,4.88,0.94,0.71,143,0,28,20-Jul-24,Good,88/38/279,Yes,0.598,0.922,0.663,v3.9,High,"{""IncomeImpact"": 0.088, ""CreditHistory"": 0.196, ""DTI"": 0.045}",78643,230332,66818,Active,No,No,Yes,05-Jan-19,07-Mar-26,CoreBanking,24-Jun-22,26-Feb-16,0.68,18,7,Yes,31
CUST0011,198,Leonard Draijer,South,Manufacturing,Loan,AST0011,11-Sept-24,46576,483,23770,107928,215301,2132,7.4,1.6,0.11,9,30,56,22-Dec-24,Good,58/89/156,Yes,0.389,0.271,0.771,v2.0,High,"{""IncomeImpact"": 0.829, ""CreditHistory"": 0.357, ""DTI"": 0.281}",102255,213910,172103,Closed,Yes,No,No,12-Mar-22,10-Nov-27,API,15-Aug-22,17-Jun-24,0.77,1,2,No,23
CUST0012,211,Willamina Coatham,North,Technology,Credit Line,AST0012,06-Jul-21,45835,653,49745,82228,119398,4289,3.78,1.81,0.19,11,45,111,22-Sept-21,Good,66/137/100,No,0.141,0.802,0.599,v4.1,High,"{""IncomeImpact"": 0.075, ""CreditHistory"": 0.987, ""DTI"": 0.772}",174119,331712,164582,Written-Off,Yes,No,No,24-Jun-22,17-Apr-27,DataWarehouse,07-Jul-19,26-Oct-22,0.65,5,4,No,86
CUST0013,132,Jacklin Butcher,Central,Technology,Lease,AST0013,02-Apr-19,46696,715,37909,106,84658,2450,6.04,1.59,0.61,82,29,113,14-Mar-21,Irregular,86/54/261,No,0.006,0.815,0.537,v2.1,Medium,"{""IncomeImpact"": 0.707, ""CreditHistory"": 0.729, ""DTI"": 0.771}",271245,353050,331843,Written-Off,No,Yes,Yes,18-Jul-22,28-Sept-26,CoreBanking,17-Jan-24,26-Mar-17,0.57,2,4,No,79
CUST0014,54,Chantal Coyett,West,Manufacturing,Mortgage,AST0014,12-Jul-24,48997,693,34399,104766,68959,1308,16.75,0.11,0.75,197,6,108,30-Jul-24,Good,22/178/265,No,0.358,0.116,0.532,v1.8,Low,"{""IncomeImpact"": 0.863, ""CreditHistory"": 0.623, ""DTI"": 0.331}",64626,244317,69908,Closed,No,No,No,25-Apr-24,28-Jan-28,API,13-Oct-16,05-May-23,0.93,15,5,Yes,82
CUST0015,128,Burnaby Beany,West,Healthcare,Lease,AST0015,09-Feb-18,46641,750,7077,187051,79901,2020,7.52,0.71,0.54,35,9,59,15-Dec-23,Irregular,88/39/109,Yes,0.311,0.325,0.736,v4.6,Medium,"{""IncomeImpact"": 0.73, ""CreditHistory"": 0.638, ""DTI"": 0.887}",285484,249278,217985,Active,Yes,No,No,20-Aug-23,11-Apr-28,CRM,10-Aug-24,16-Nov-24,0.88,13,8,Yes,46
CUST0016,191,Giustino Rawlcliffe,West,Technology,Mortgage,AST0016,08-May-18,46679,799,16380,71548,119251,4078,1.7,0.74,0.68,103,46,42,21-Sept-22,Irregular,16/159/273,Yes,0.12,0.713,0.747,v4.9,High,"{""IncomeImpact"": 0.761, ""CreditHistory"": 0.561, ""DTI"": 0.771}",15209,49012,336985,Closed,Yes,No,Yes,25-Jul-15,17-Jun-26,API,02-Sept-18,16-May-17,0.73,11,7,No,97
CUST0017,210,Allistir Pipping,North,Manufacturing,Loan,AST0017,30-Apr-24,47503,353,24935,58778,175431,662,19.75,1.34,0.75,63,12,5,03-Jul-24,High-Risk,19/61/64,No,0.523,0.428,0.818,v1.9,Low,"{""IncomeImpact"": 0.025, ""CreditHistory"": 0.108, ""DTI"": 0.031}",244811,371721,134345,Closed,Yes,Yes,Yes,28-Jun-18,10-Aug-25,CRM,01-Jul-18,16-Jun-21,0.84,13,7,Yes,10
CUST0018,145,Yvonne Samwell,North,Retail,Loan,AST0018,22-Aug-21,47623,342,24754,139655,117296,3135,2.65,1.33,0.01,107,31,27,01-Jan-23,Irregular,46/162/235,Yes,0.314,0.509,0.878,v4.2,High,"{""IncomeImpact"": 0.908, ""CreditHistory"": 0.249, ""DTI"": 0.41}",274545,346027,141600,Written-Off,No,No,No,05-Apr-24,06-Feb-29,DataWarehouse,13-Aug-18,20-Jul-24,0.62,3,5,No,32
CUST0019,186,Dukie Pycock,East,Finance,Credit Line,AST0019,01-Jun-23,47346,632,13917,127808,60605,3006,20.15,0.75,0.88,179,17,142,23-Jun-24,Good,66/48/43,Yes,0.229,0.077,0.904,v4.7,High,"{""IncomeImpact"": 0.29, ""CreditHistory"": 0.161, ""DTI"": 0.93}",126998,367078,249609,Written-Off,No,No,Yes,17-Jan-16,26-Aug-26,CoreBanking,15-Jul-19,04-Oct-22,0.62,19,6,No,71
CUST0020,16,Nellie Peckham,Central,Retail,Lease,AST0020,14-Dec-20,45952,764,19754,80379,70903,1988,3.9,0.47,0.12,137,48,176,04-May-23,Good,24/55/247,No,0.633,0.871,0.77,v5.8,High,"{""IncomeImpact"": 0.804, ""CreditHistory"": 0.187, ""DTI"": 0.893}",149372,57704,101773,Closed,Yes,No,Yes,23-May-18,29-Jan-25,CoreBanking,28-Jan-18,06-Jul-15,0.99,18,5,Yes,82
CUST0021,50,Neal Medcalf,North,Finance,Lease,AST0021,27-Sept-24,49010,780,33373,115466,94314,1610,24.17,0.58,0.86,29,4,102,28-Nov-24,Irregular,9/147/27,Yes,0.807,0.896,0.714,v2.9,Medium,"{""IncomeImpact"": 0.318, ""CreditHistory"": 0.11, ""DTI"": 0.228}",45659,135123,62102,Written-Off,No,Yes,No,20-Jan-20,26-Jun-27,DataWarehouse,24-Aug-24,07-Aug-21,1,10,10,Yes,79
CUST0022,207,Byrom Ringham,South,Retail,Loan,AST0022,20-Apr-23,45807,460,17719,45564,149701,714,4.76,0.88,0.69,120,18,8,18-Nov-23,Good,36/180/144,No,0.818,0.861,0.611,v1.3,Medium,"{""IncomeImpact"": 0.007, ""CreditHistory"": 0.511, ""DTI"": 0.417}",104714,227895,60175,Written-Off,Yes,Yes,No,08-Apr-24,19-Oct-25,CRM,02-Sept-15,10-Nov-16,0.9,20,10,No,57
CUST0023,159,Drusilla Jostan,West,Retail,Credit Line,AST0023,24-May-16,44798,748,7271,156771,15449,3639,18.63,1.25,0.03,58,43,147,21-Oct-19,High-Risk,2/195/137,Yes,0.12,0.338,0.852,v2.7,High,"{""IncomeImpact"": 0.943, ""CreditHistory"": 0.323, ""DTI"": 0.519}",232855,485285,145834,Active,No,No,Yes,09-Apr-20,14-Dec-26,API,27-Sept-18,08-Aug-18,0.84,6,6,No,89
CUST0024,3,Carson Kirkup,West,Technology,Loan,AST0024,22-Jul-20,45579,765,7771,82448,71164,2748,3.78,1.57,0.86,0,42,138,08-Apr-24,Irregular,52/13/96,No,0.364,0.972,0.65,v5.7,High,"{""IncomeImpact"": 0.962, ""CreditHistory"": 0.252, ""DTI"": 0.497}",232756,403453,27059,Active,No,Yes,No,30-Nov-19,09-Dec-29,API,12-May-16,29-Apr-15,0.99,20,4,Yes,40
CUST0025,32,Talya Mackieson,West,Finance,Mortgage,AST0025,06-Mar-21,44682,416,32241,30793,174793,1361,12.96,1.46,0.51,69,26,123,13-Dec-21,Irregular,31/116/282,Yes,0.285,0.037,0.639,v4.3,High,"{""IncomeImpact"": 0.61, ""CreditHistory"": 0.503, ""DTI"": 0.051}",267464,396272,71569,Active,No,No,No,01-Nov-23,06-Nov-27,DataWarehouse,14-Mar-24,11-Jan-15,0.64,10,10,No,20
CUST0026,93,Debee Pyrton,East,Retail,Credit Line,AST0026,04-Jan-20,46405,766,23088,49454,187845,2056,14.72,0.54,0.78,11,20,121,21-Sept-22,High-Risk,48/98/77,No,0.908,0.24,0.621,v1.2,High,"{""IncomeImpact"": 0.145, ""CreditHistory"": 0.489, ""DTI"": 0.986}",175060,460973,52619,Closed,Yes,No,Yes,07-Feb-23,23-Oct-25,API,07-Oct-24,05-May-22,0.98,3,8,No,44
CUST0027,24,Leighton Haken,North,Retail,Credit Line,AST0027,27-Dec-21,47759,624,43077,188407,237636,4097,21.94,0.17,0.07,161,43,73,20-Mar-24,Good,95/23/222,Yes,0.672,0.762,0.816,v1.7,Low,"{""IncomeImpact"": 0.238, ""CreditHistory"": 0.728, ""DTI"": 0.368}",158006,478654,15176,Active,No,Yes,No,08-Jan-19,07-Feb-27,API,19-Aug-16,27-Sept-17,0.77,19,3,Yes,23
CUST0028,91,Robby Huard,Central,Healthcare,Credit Line,AST0028,20-Nov-15,45189,446,17216,120887,172222,2180,12.03,1.37,0.9,119,18,173,04-Mar-20,High-Risk,20/18/226,No,0.634,0.536,0.593,v5.4,High,"{""IncomeImpact"": 0.09, ""CreditHistory"": 0.835, ""DTI"": 0.321}",223460,366923,131123,Closed,No,Yes,No,27-Jul-24,17-Sept-27,CRM,29-Aug-17,12-Apr-19,0.79,19,5,No,3
CUST0029,4,Reg Dummigan,East,Finance,Loan,AST0029,22-Apr-24,48465,808,20756,60324,164138,2986,6.26,0.46,0.25,193,46,168,01-Aug-24,High-Risk,17/160/49,Yes,0.041,0.591,0.613,v3.7,Low,"{""IncomeImpact"": 0.678, ""CreditHistory"": 0.017, ""DTI"": 0.512}",192292,388967,68897,Active,No,No,No,20-Dec-16,16-Feb-26,CoreBanking,27-Oct-23,18-Jan-21,0.94,12,9,No,22
CUST0030,126,Stefania Beaton,East,Finance,Credit Line,AST0030,18-Nov-17,45395,377,11224,197696,64143,3355,24.21,1.63,0.37,101,0,67,10-Mar-21,High-Risk,15/116/188,No,0.645,0.174,0.569,v5.6,High,"{""IncomeImpact"": 0.691, ""CreditHistory"": 0.387, ""DTI"": 0.937}",195759,61804,353808,Active,No,Yes,No,03-Nov-21,30-Mar-26,CRM,15-Feb-22,28-Mar-24,0.73,10,7,Yes,18
CUST0031,190,Fletcher Sloat,West,Finance,Loan,AST0031,05-Jul-15,42707,540,37228,35563,106881,3816,9.9,1.9,0.7,138,26,150,11-May-16,High-Risk,93/39/212,Yes,0.341,0.113,0.83,v4.9,Medium,"{""IncomeImpact"": 0.925, ""CreditHistory"": 0.877, ""DTI"": 0.258}",147664,22152,361905,Closed,Yes,No,No,25-Aug-17,18-Oct-29,DataWarehouse,11-Feb-16,09-Sept-22,0.68,12,1,No,36
CUST0032,12,Bryon Avramovich,West,Finance,Mortgage,AST0032,16-Feb-17,43647,321,5314,87427,68850,1131,19.89,0.49,0.83,141,13,150,09-Jun-19,Good,29/84/75,Yes,0.817,0.555,0.949,v3.2,Low,"{""IncomeImpact"": 0.53, ""CreditHistory"": 0.242, ""DTI"": 0.093}",284228,136414,91486,Active,Yes,Yes,Yes,07-Jan-19,06-Jun-29,CoreBanking,08-Aug-21,19-Aug-18,0.51,9,1,Yes,95
CUST0033,48,Dana Mellon,North,Manufacturing,Credit Line,AST0033,21-Sept-19,46248,670,35635,155625,33587,3802,13.09,1.9,0.04,200,42,133,10-May-20,Irregular,58/164/15,Yes,0.9,0.633,0.949,v4.6,Medium,"{""IncomeImpact"": 0.339, ""CreditHistory"": 0.349, ""DTI"": 0.726}",57603,262042,373503,Closed,Yes,Yes,No,27-Oct-21,31-Oct-25,CRM,31-May-16,31-Jan-18,0.81,19,9,No,49
CUST0034,74,Debbi Sheffield,West,Technology,Credit Line,AST0034,12-Sept-21,46989,401,47991,29992,228554,4616,18.3,0.51,0.45,58,26,86,08-May-23,Irregular,51/106/48,No,0.887,0.78,0.949,v4.5,High,"{""IncomeImpact"": 0.642, ""CreditHistory"": 0.084, ""DTI"": 0.162}",134635,201241,80026,Written-Off,No,Yes,Yes,29-Apr-24,24-Jun-25,CRM,04-Nov-19,31-Jan-16,0.87,12,3,Yes,76
CUST0035,56,Coraline Laslett,North,Manufacturing,Lease,AST0035,19-Apr-21,46970,733,49255,13486,80400,2659,9.44,1.2,0.21,168,30,57,23-Feb-23,Good,44/142/188,Yes,0.606,0.009,0.58,v3.9,Low,"{""IncomeImpact"": 0.101, ""CreditHistory"": 0.664, ""DTI"": 0.005}",225978,448104,294107,Written-Off,Yes,No,Yes,08-Jan-17,14-Jul-26,DataWarehouse,23-Oct-18,08-Dec-18,0.5,5,10,No,9
CUST0036,115,Aaren Baxill,North,Finance,Mortgage,AST0036,04-Aug-16,45986,685,29514,118920,94363,1389,9.88,1.47,0.78,145,38,21,10-Sept-23,Good,19/40/25,Yes,0.549,0.692,0.619,v3.7,High,"{""IncomeImpact"": 0.652, ""CreditHistory"": 0.224, ""DTI"": 0.712}",223305,259626,318282,Closed,No,No,Yes,20-Jun-23,16-Nov-27,CRM,14-Nov-18,27-Oct-19,0.56,19,8,No,6
CUST0037,130,Rhetta Ravel,North,Finance,Mortgage,AST0037,22-Jun-17,44891,608,15843,35975,205320,2193,7.95,0.33,0.5,110,11,33,31-Oct-20,Irregular,68/180/117,No,0.325,0.746,0.784,v1.6,High,"{""IncomeImpact"": 0.65, ""CreditHistory"": 0.849, ""DTI"": 0.658}",23178,233704,9825,Closed,Yes,No,No,06-Jun-21,09-Apr-27,API,31-Mar-18,16-Apr-16,0.7,11,3,No,89
CUST0038,84,Maxim Crinion,North,Healthcare,Credit Line,AST0038,22-Jan-19,44212,710,36338,20616,108747,2641,18.9,0.52,0.78,19,32,162,13-Apr-20,Good,67/130/99,No,0.094,0.368,0.697,v3.2,Low,"{""IncomeImpact"": 0.265, ""CreditHistory"": 0.244, ""DTI"": 0.973}",54899,81778,134201,Active,Yes,Yes,Yes,26-Dec-16,02-May-29,API,15-Mar-20,18-Jun-23,0.78,19,8,No,81
CUST0039,213,Liza Anster,North,Manufacturing,Credit Line,AST0039,18-Jul-18,44282,610,20001,155037,19725,2983,13.18,0.69,0.45,14,23,73,11-Oct-19,Good,82/23/259,No,0.892,0.631,0.746,v4.9,High,"{""IncomeImpact"": 0.795, ""CreditHistory"": 0.503, ""DTI"": 0.577}",22507,240789,299712,Written-Off,Yes,No,No,15-Aug-20,05-Nov-25,CRM,20-Jan-20,28-Feb-16,0.91,11,2,Yes,6
CUST0040,120,Kerrie Dilworth,West,Technology,Mortgage,AST0040,11-Oct-17,46282,672,26435,74158,106558,3448,19.59,1.39,0.05,161,41,85,08-Sept-22,Good,42/24/285,No,0.195,0.722,0.589,v3.4,High,"{""IncomeImpact"": 0.281, ""CreditHistory"": 0.024, ""DTI"": 0.645}",79838,179777,42730,Written-Off,Yes,No,No,11-May-22,01-Dec-28,API,12-Jun-16,03-Sept-21,0.85,3,5,No,83
CUST0041,230,Ingram McVittie,Central,Finance,Credit Line,AST0041,17-Nov-23,46957,820,25712,4779,100052,2630,5.33,0.51,0.95,124,12,57,21-Jan-24,Good,19/19/151,Yes,0.94,0.954,0.964,v5.8,High,"{""IncomeImpact"": 0.915, ""CreditHistory"": 0.37, ""DTI"": 0.015}",277054,24790,347041,Closed,Yes,No,Yes,26-Oct-16,06-Jan-26,CoreBanking,01-Feb-23,28-Nov-19,0.52,12,4,No,79
CUST0042,137,Letta Wigley,South,Technology,Mortgage,AST0042,13-Mar-18,46618,616,32737,50860,101427,4772,24.63,0.98,0.28,97,32,135,25-Mar-23,Irregular,20/51/70,No,0.428,0.967,0.693,v1.7,Medium,"{""IncomeImpact"": 0.964, ""CreditHistory"": 0.853, ""DTI"": 0.294}",291739,494838,53786,Written-Off,Yes,No,Yes,23-Jul-23,25-Nov-25,DataWarehouse,15-Jan-20,03-Oct-20,0.57,14,2,Yes,58
CUST0043,12,Alie Baldinotti,North,Manufacturing,Loan,AST0043,02-Dec-24,47424,705,34899,98031,66807,3263,24.87,0.81,0.03,25,45,166,31-Dec-24,Irregular,18/35/19,No,0.851,0.317,0.848,v4.2,High,"{""IncomeImpact"": 0.169, ""CreditHistory"": 0.557, ""DTI"": 0.936}",246948,240196,322619,Active,Yes,Yes,No,02-Jun-17,07-Sept-29,CoreBanking,25-Feb-21,26-Feb-23,0.8,14,2,No,31
CUST0044,114,Erhart Navaro,South,Manufacturing,Credit Line,AST0044,18-May-18,44102,364,9265,131027,161431,4491,1.39,1.08,0.24,36,18,109,05-Jul-18,Good,78/90/123,No,0.57,0.097,0.759,v2.1,High,"{""IncomeImpact"": 0.615, ""CreditHistory"": 0.99, ""DTI"": 0.14}",190060,40483,275806,Written-Off,Yes,No,No,28-Jun-15,25-Jul-28,API,10-Mar-19,04-Nov-17,0.87,12,2,No,31
CUST0045,20,Jessica Berriman,North,Technology,Lease,AST0045,22-Mar-23,48063,436,4905,92353,148134,2873,20.52,0.43,0.78,118,44,122,24-Dec-24,High-Risk,23/34/32,No,0.877,0.741,0.647,v1.4,Low,"{""IncomeImpact"": 0.697, ""CreditHistory"": 0.702, ""DTI"": 0.359}",23967,419769,104579,Active,No,No,No,22-Feb-24,18-Jan-28,API,03-Nov-17,30-May-15,0.88,7,5,No,100
CUST0046,41,Aldon Libby,East,Finance,Lease,AST0046,15-Jul-15,45250,747,28215,194853,120274,3267,9.14,0.45,0.69,94,33,68,04-Apr-19,Good,93/108/40,No,0.809,0.81,0.751,v5.2,High,"{""IncomeImpact"": 0.867, ""CreditHistory"": 0.913, ""DTI"": 0.511}",155018,173407,53790,Active,No,No,No,01-Jan-20,19-May-28,API,13-Nov-16,26-Sept-22,0.72,15,1,No,79
CUST0047,230,Tab Seiter,North,Finance,Credit Line,AST0047,17-Nov-19,45275,672,35625,196581,183103,1410,23.87,0.37,0.61,200,28,8,18-Jun-23,Good,8/60/187,No,0.798,0.65,0.669,v4.9,Low,"{""IncomeImpact"": 0.702, ""CreditHistory"": 0.796, ""DTI"": 0.89}",81445,361024,235889,Closed,No,No,Yes,08-Jun-21,09-Oct-25,DataWarehouse,19-Jun-19,11-Jul-18,0.82,8,2,Yes,95
CUST0048,133,Renee Rennison,West,Technology,Loan,AST0048,01-Feb-17,45176,568,19058,184559,121987,1857,24.91,0.64,0.92,125,12,31,22-Nov-22,Good,9/115/88,No,0.376,0.094,0.771,v1.5,High,"{""IncomeImpact"": 0.578, ""CreditHistory"": 0.036, ""DTI"": 0.466}",183150,377003,34046,Written-Off,No,No,Yes,25-Dec-22,24-Dec-28,CoreBanking,25-Nov-23,20-Jan-19,0.75,4,4,Yes,31
CUST0049,191,Matias MacLaughlin,East,Technology,Lease,AST0049,12-Nov-23,47630,778,38152,34018,165418,806,2.58,0.86,0.72,122,33,105,25-Nov-23,Irregular,73/18/64,No,0.287,0.591,0.68,v1.7,Medium,"{""IncomeImpact"": 0.031, ""CreditHistory"": 0.037, ""DTI"": 0.823}",272245,185624,67284,Written-Off,Yes,Yes,No,21-Aug-20,14-Nov-29,CRM,28-Apr-24,23-May-16,0.76,10,3,Yes,42
CUST0050,6,Zerk Groves,Central,Retail,Loan,AST0050,15-Dec-22,46198,556,14864,166476,149399,2348,4,0.68,0.53,128,41,43,04-Dec-23,High-Risk,74/39/87,No,0.127,0.522,0.543,v5.0,Low,"{""IncomeImpact"": 0.77, ""CreditHistory"": 0.216, ""DTI"": 0.623}",43584,28835,336306,Written-Off,No,Yes,No,06-Dec-21,01-Aug-28,CRM,01-Aug-20,20-Dec-24,0.81,10,5,No,32
CUST0051,91,Arley Chelam,East,Manufacturing,Loan,AST0051,10-Jan-24,48471,361,12359,115239,113952,4066,12.15,0.75,0.14,183,20,88,04-Aug-24,Irregular,16/194/189,Yes,0.052,0.531,0.988,v3.3,Medium,"{""IncomeImpact"": 0.541, ""CreditHistory"": 0.637, ""DTI"": 0.726}",65236,145232,235717,Active,Yes,Yes,Yes,03-Apr-18,26-Feb-27,API,13-Oct-17,14-Sept-24,0.95,11,10,No,25
CUST0052,205,Henrieta Godard,Central,Manufacturing,Credit Line,AST0052,23-Jul-23,46147,615,34595,6075,28605,3321,13.13,1.94,0.22,90,3,12,14-Dec-24,Irregular,63/152/240,No,0.516,0.323,0.539,v5.0,Low,"{""IncomeImpact"": 0.795, ""CreditHistory"": 0.271, ""DTI"": 0.439}",226930,75220,138659,Written-Off,No,No,No,05-Jul-15,01-Apr-27,CRM,24-May-21,20-Apr-21,0.6,18,5,Yes,50
CUST0053,249,Patrice Villar,Central,Retail,Loan,AST0053,27-Aug-20,46279,431,8336,103259,102831,2877,14.39,0.79,0.14,154,32,102,09-Dec-24,High-Risk,43774,Yes,0.025,0.963,0.587,v3.7,High,"{""IncomeImpact"": 0.836, ""CreditHistory"": 0.696, ""DTI"": 0.409}",240593,83087,317855,Written-Off,Yes,No,No,27-Oct-16,16-Mar-27,DataWarehouse,28-Aug-21,09-Oct-18,0.75,17,9,No,91
CUST0054,100,Noreen Gadie,North,Retail,Lease,AST0054,24-Apr-21,45902,412,29298,153014,85655,318,15.33,0.6,0.66,198,37,147,22-Dec-23,Good,92/13/298,No,0.156,0.25,0.64,v2.8,High,"{""IncomeImpact"": 0.549, ""CreditHistory"": 0.715, ""DTI"": 0.66}",200329,82477,356896,Active,Yes,Yes,Yes,19-Mar-15,23-Jun-27,DataWarehouse,12-Sept-19,12-Sept-16,0.71,7,7,No,95
CUST0055,211,Efren Dickenson,Central,Healthcare,Lease,AST0055,27-Feb-23,45604,789,36437,98782,87248,1518,12.03,1.11,0.55,173,49,174,18-Jul-23,High-Risk,88/67/247,Yes,0.955,0.738,0.624,v2.4,High,"{""IncomeImpact"": 0.554, ""CreditHistory"": 0.612, ""DTI"": 0.42}",157499,122895,156035,Closed,Yes,No,No,19-May-20,16-Dec-26,DataWarehouse,24-Mar-18,14-May-16,0.79,18,7,No,45
CUST0056,45,Dud Streatfield,North,Retail,Loan,AST0056,02-Sept-23,46135,654,30991,171959,72225,4024,6.14,1.67,0.27,143,44,69,28-Jan-24,Good,13/157/300,Yes,0.356,0.758,0.52,v2.0,High,"{""IncomeImpact"": 0.014, ""CreditHistory"": 0.116, ""DTI"": 0.046}",279418,123316,334466,Active,Yes,Yes,No,14-Sept-18,09-Jan-29,API,16-Feb-16,22-Aug-22,0.89,1,9,Yes,53
CUST0057,149,Cammy Dugdale,South,Retail,Lease,AST0057,28-Apr-22,46992,592,44329,15509,243010,832,16.66,0.54,0.74,9,11,106,29-Aug-23,Good,4/101/253,Yes,0.855,0.704,0.737,v3.0,Low,"{""IncomeImpact"": 0.474, ""CreditHistory"": 0.098, ""DTI"": 0.492}",157443,302775,316031,Active,No,No,No,11-Mar-22,18-Jan-28,API,21-Dec-24,03-Jul-16,0.93,15,5,Yes,15
CUST0058,186,Hasty Stepto,East,Healthcare,Loan,AST0058,16-Sept-18,44389,645,21334,148840,181790,1682,5.21,1.73,0.9,109,32,83,12-Apr-21,Good,51/171/48,Yes,0.173,0.434,0.523,v2.7,Medium,"{""IncomeImpact"": 0.399, ""CreditHistory"": 0.616, ""DTI"": 0.635}",131048,8580,136726,Closed,Yes,No,No,12-Sept-18,11-Sept-26,CRM,07-Dec-17,01-May-22,0.68,8,1,Yes,60
CUST0059,237,Constance Dunbavin,Central,Retail,Loan,AST0059,10-Jun-18,44280,602,26087,161120,62894,1895,23.98,1.01,0.45,155,23,106,30-Jul-19,High-Risk,70/120/275,Yes,0.375,0.626,0.581,v2.9,Low,"{""IncomeImpact"": 0.503, ""CreditHistory"": 0.856, ""DTI"": 0.659}",276516,239224,276914,Written-Off,No,Yes,Yes,10-Sept-15,25-Aug-29,CoreBanking,03-Jun-21,07-Jan-21,0.57,11,9,No,15
CUST0060,93,Avrom Dashwood,Central,Manufacturing,Loan,AST0060,18-Aug-22,45997,822,31195,14584,123864,1180,13.32,0.97,0.06,118,43,78,21-Aug-24,High-Risk,2/101/130,Yes,0.071,0.642,0.788,v2.9,Low,"{""IncomeImpact"": 0.027, ""CreditHistory"": 0.586, ""DTI"": 0.94}",24744,227139,180632,Written-Off,Yes,Yes,Yes,17-Apr-20,06-Mar-25,DataWarehouse,02-Aug-19,07-Jan-17,0.88,14,6,No,58
CUST0061,215,Cortney Cornish,North,Technology,Mortgage,AST0061,01-Oct-24,47477,656,9774,46785,145839,3319,13.69,1.48,0.22,0,48,5,18-Nov-24,Irregular,59/172/278,No,0.388,0.643,0.693,v5.6,Low,"{""IncomeImpact"": 0.458, ""CreditHistory"": 0.546, ""DTI"": 0.941}",130767,246500,181487,Active,No,Yes,Yes,12-May-15,16-Jul-29,API,23-Nov-21,04-Aug-23,0.97,1,4,Yes,9
CUST0062,220,Klarrisa McConville,West,Technology,Loan,AST0062,18-Feb-16,45215,550,4899,105451,120071,2019,13.95,1.53,0.78,35,32,74,04-Jul-16,Good,93/147/163,No,0.961,0.905,0.509,v2.4,Low,"{""IncomeImpact"": 0.196, ""CreditHistory"": 0.069, ""DTI"": 0.101}",274285,120890,216824,Closed,No,Yes,Yes,08-Jan-22,22-Oct-28,API,26-Mar-21,23-Jul-20,0.52,12,7,No,90
CUST0063,179,Henrieta Weagener,East,Manufacturing,Mortgage,AST0063,02-Sept-19,45747,850,33032,63168,227649,1946,8.22,1.44,0.81,14,35,105,03-Jul-20,Irregular,71/135/68,No,0.094,0.683,0.512,v2.4,Low,"{""IncomeImpact"": 0.071, ""CreditHistory"": 0.319, ""DTI"": 0.845}",174152,344060,41455,Closed,No,Yes,Yes,31-Jul-15,04-Jul-26,API,22-Jul-22,13-Oct-21,0.8,3,4,Yes,62
CUST0064,228,Lizbeth Dudek,North,Healthcare,Mortgage,AST0064,05-May-17,44588,420,33386,63594,187354,1775,10.52,0.55,0.32,72,24,119,15-Jan-19,High-Risk,83/91/157,No,0.814,0.282,0.939,v3.8,Medium,"{""IncomeImpact"": 0.118, ""CreditHistory"": 0.697, ""DTI"": 0.629}",245320,56699,378752,Closed,No,Yes,No,05-Jul-18,28-Apr-27,CRM,23-Apr-21,09-Sept-24,0.61,5,1,No,71
CUST0065,80,Maximo Bromfield,East,Healthcare,Mortgage,AST0065,20-Jul-21,47134,637,17074,99572,154366,2113,12.98,1.34,0.68,65,48,125,22-Nov-23,High-Risk,82/189/251,No,0.735,0.803,0.903,v2.5,Low,"{""IncomeImpact"": 0.282, ""CreditHistory"": 0.177, ""DTI"": 0.751}",74378,382651,286547,Closed,Yes,Yes,Yes,29-May-24,01-Oct-29,CRM,04-Mar-24,30-Jun-22,0.52,1,7,Yes,81
CUST0066,198,Aube Ridulfo,North,Healthcare,Credit Line,AST0066,05-Aug-17,43595,682,5961,161961,172176,4058,16.82,0.13,0.53,105,0,4,06-Jan-18,High-Risk,92/70/274,No,0.991,0.413,0.965,v1.8,High,"{""IncomeImpact"": 0.372, ""CreditHistory"": 0.776, ""DTI"": 0.341}",226744,427664,93987,Active,Yes,Yes,Yes,25-Feb-17,23-Jun-28,DataWarehouse,22-Feb-24,22-Dec-18,0.63,13,2,No,52
CUST0067,18,Markus Manners,South,Retail,Loan,AST0067,24-Feb-20,46564,332,8127,106241,104421,3189,14.26,0.21,0.01,43,5,127,06-Jul-21,Irregular,82/200/169,Yes,0.858,0.429,0.951,v5.0,Low,"{""IncomeImpact"": 0.751, ""CreditHistory"": 0.755, ""DTI"": 0.103}",111843,477526,362958,Written-Off,No,No,Yes,01-Nov-15,02-Nov-28,DataWarehouse,02-Feb-21,27-Apr-21,0.83,6,6,Yes,27
CUST0068,52,Malory Tomsa,West,Finance,Lease,AST0068,01-Aug-21,45364,466,38959,63038,153555,3287,17.25,1.13,0.38,189,8,176,10-Sept-23,High-Risk,10/128/177,Yes,0.505,0.826,0.505,v1.6,Low,"{""IncomeImpact"": 0.32, ""CreditHistory"": 0.896, ""DTI"": 0.389}",40855,183568,317282,Written-Off,No,No,Yes,10-Feb-22,14-Jul-26,API,02-Jul-20,23-Jul-17,0.68,13,7,Yes,88
CUST0069,177,Livvy Base,North,Technology,Lease,AST0069,27-Jul-21,47475,552,48734,19269,26505,2295,4.7,1.45,0.63,189,24,81,13-Sept-23,Irregular,13/23/2,No,0.905,0.091,0.787,v4.5,Medium,"{""IncomeImpact"": 0.319, ""CreditHistory"": 0.95, ""DTI"": 0.951}",54598,74471,45768,Active,No,No,No,28-Feb-16,23-Feb-25,CRM,20-Dec-18,20-Mar-21,0.55,20,6,No,2
CUST0070,219,Cathy Skirling,North,Technology,Mortgage,AST0070,10-Apr-18,45259,833,13113,179651,104806,1488,4.33,0.67,0.49,16,10,111,15-Aug-22,Irregular,53/76/247,Yes,0.632,0.448,0.876,v3.4,Low,"{""IncomeImpact"": 0.293, ""CreditHistory"": 0.329, ""DTI"": 0.673}",260943,316325,323312,Active,No,Yes,Yes,01-Jun-18,14-Jan-25,API,22-Sept-18,09-Jun-24,0.81,11,8,No,56
CUST0071,99,Otes Weedall,South,Retail,Lease,AST0071,23-Feb-24,48376,505,33392,82361,51566,3362,24.25,0.65,0.69,125,36,62,23-Dec-24,Irregular,48/71/201,No,0.792,0.79,0.775,v1.9,Low,"{""IncomeImpact"": 0.091, ""CreditHistory"": 0.494, ""DTI"": 0.058}",287066,99333,357413,Written-Off,Yes,No,Yes,01-Dec-19,22-Jun-29,DataWarehouse,27-Apr-24,08-Oct-22,0.53,14,8,Yes,82
CUST0072,19,Bil Goody,South,Manufacturing,Credit Line,AST0072,25-May-18,44601,375,31430,156744,130628,4869,10.62,1.06,0.92,177,26,139,24-Oct-19,Good,46/179/274,Yes,0.442,0.888,0.881,v1.3,High,"{""IncomeImpact"": 0.351, ""CreditHistory"": 0.117, ""DTI"": 0.143}",187126,92209,339214,Written-Off,Yes,No,No,06-Dec-23,01-Jun-27,CRM,13-Feb-15,08-Feb-16,0.63,17,9,Yes,58
CUST0073,117,Roderick Banbrook,Central,Technology,Mortgage,AST0073,13-Mar-19,45504,653,3609,126555,32406,2520,10.98,1.93,0.12,186,9,89,16-Oct-21,Irregular,43/116/105,No,0.618,0.101,0.911,v3.7,Low,"{""IncomeImpact"": 0.084, ""CreditHistory"": 0.701, ""DTI"": 0.073}",230725,383532,365304,Closed,No,Yes,No,03-Jul-15,18-Jul-29,CRM,03-Apr-15,10-Jul-24,0.67,4,3,Yes,67
CUST0074,115,Elijah Wassell,East,Technology,Credit Line,AST0074,15-Dec-16,45344,773,17194,106180,170087,1611,5.47,1.35,0.4,188,39,50,01-Oct-18,Irregular,75/109/199,Yes,0.706,0.081,0.685,v2.3,Medium,"{""IncomeImpact"": 0.085, ""CreditHistory"": 0.987, ""DTI"": 0.374}",33801,307696,53347,Written-Off,Yes,No,No,18-Mar-17,27-Jul-27,CRM,10-Dec-17,10-Jul-22,0.93,17,6,No,79
CUST0075,222,Constantino Brunroth,East,Retail,Credit Line,AST0075,27-May-19,46381,476,46144,185070,214875,2536,23.05,1.22,0.67,80,7,61,15-Jan-20,Irregular,14/46/191,Yes,0.813,0.947,0.542,v5.6,Medium,"{""IncomeImpact"": 0.986, ""CreditHistory"": 0.753, ""DTI"": 0.376}",73282,306363,201174,Closed,Yes,No,Yes,22-Mar-21,08-Dec-25,API,29-Mar-18,28-Jul-16,0.59,15,10,Yes,46
CUST0076,109,Imelda Kinton,South,Manufacturing,Credit Line,AST0076,09-Feb-15,44393,718,46872,128902,113955,3736,12.73,0.26,0.03,194,14,74,21-Aug-16,Good,35/57/275,No,0.777,0.558,0.746,v2.7,High,"{""IncomeImpact"": 0.424, ""CreditHistory"": 0.906, ""DTI"": 0.111}",260686,293214,267809,Active,Yes,No,No,29-Jan-21,12-Aug-29,CRM,10-Jul-23,23-Jan-23,0.72,7,7,Yes,95
CUST0077,38,Valerye Gumbrell,South,Retail,Loan,AST0077,22-Apr-24,48446,760,19223,91377,231020,812,11.54,1.99,0.78,60,13,150,31-Oct-24,High-Risk,44/181/219,Yes,0.011,0.469,0.825,v5.2,Low,"{""IncomeImpact"": 0.056, ""CreditHistory"": 0.119, ""DTI"": 0.118}",109497,427282,31120,Written-Off,No,No,Yes,18-Aug-18,12-Dec-28,DataWarehouse,31-Mar-18,03-Jun-21,0.63,17,2,Yes,97
CUST0078,42,Marcia Whiteside,East,Healthcare,Mortgage,AST0078,24-Oct-23,47273,555,11584,186487,89435,2127,19.28,1.38,0.49,147,40,68,23-Nov-23,High-Risk,53/96/231,Yes,0.746,0.583,0.934,v1.6,High,"{""IncomeImpact"": 0.962, ""CreditHistory"": 0.375, ""DTI"": 0.286}",146870,369224,193499,Closed,No,No,Yes,29-Sept-24,05-May-29,CRM,13-Mar-23,21-Feb-20,0.82,12,2,No,28
CUST0079,91,Sileas Flowerden,East,Retail,Lease,AST0079,26-Oct-19,44996,645,37868,151501,39234,4737,21.46,1.6,0.89,195,3,11,04-Aug-22,Good,80/200/235,Yes,0.224,0.963,0.946,v1.2,Medium,"{""IncomeImpact"": 0.012, ""CreditHistory"": 0.97, ""DTI"": 0.043}",240346,5354,224290,Active,Yes,No,Yes,21-Oct-24,01-Dec-29,DataWarehouse,18-Jan-16,05-May-22,0.68,3,6,Yes,7
CUST0080,17,Patrick Liver,South,Manufacturing,Loan,AST0080,12-Jun-19,46555,397,2071,55947,129992,738,4.18,0.53,0.68,2,0,178,26-Feb-21,Irregular,15/108/67,No,0.528,0.993,0.762,v1.3,Medium,"{""IncomeImpact"": 0.074, ""CreditHistory"": 0.554, ""DTI"": 0.969}",47835,388130,53701,Active,No,No,No,15-Jul-16,23-Feb-27,CoreBanking,12-Mar-22,05-Aug-22,0.57,17,10,Yes,79
CUST0081,22,Ogden Scarlon,East,Healthcare,Mortgage,AST0081,16-Apr-22,45704,721,42375,179979,120968,1879,3.08,0.29,0.75,150,46,98,10-Jul-23,Irregular,54/80/71,Yes,0.629,0.696,0.951,v3.1,Low,"{""IncomeImpact"": 0.455, ""CreditHistory"": 0.628, ""DTI"": 0.584}",291139,320096,314576,Written-Off,No,Yes,No,21-Apr-17,27-Nov-27,CoreBanking,22-May-23,24-May-19,0.65,2,4,No,50
CUST0082,169,Feodora Westmarland,Central,Finance,Loan,AST0082,06-Apr-16,43818,669,22740,34598,106407,4756,11.1,1.14,0.17,120,49,18,24-Jan-19,Good,75/17/7,No,0.045,0.281,0.81,v2.0,Low,"{""IncomeImpact"": 0.95, ""CreditHistory"": 0.89, ""DTI"": 0.456}",209653,270609,150202,Written-Off,No,No,No,04-Dec-15,04-Aug-28,CoreBanking,10-Feb-18,09-Dec-15,0.65,17,4,Yes,69
CUST0083,44,Betty Lyons,North,Retail,Credit Line,AST0083,31-Aug-18,45308,544,5794,64088,27600,3659,3.78,1.26,0.06,170,47,168,14-Dec-21,High-Risk,22/30/6,Yes,0.277,0.188,0.539,v1.2,Medium,"{""IncomeImpact"": 0.464, ""CreditHistory"": 0.353, ""DTI"": 0.584}",182773,279205,271173,Written-Off,No,Yes,No,03-Jun-16,16-Mar-29,DataWarehouse,22-Mar-23,09-Dec-24,0.56,1,6,No,35
CUST0084,23,Jamey Ping,Central,Finance,Credit Line,AST0084,15-Nov-20,44776,766,35474,94404,19533,4192,21.62,0.42,0.16,197,6,146,11-Aug-21,High-Risk,92/29/116,Yes,0.974,0.986,0.907,v1.0,Low,"{""IncomeImpact"": 0.698, ""CreditHistory"": 0.536, ""DTI"": 0.31}",25107,252340,190828,Closed,Yes,Yes,Yes,14-Mar-21,03-Jul-29,API,08-Jul-17,11-Aug-18,0.62,11,5,Yes,74
CUST0085,109,Royall Frizzell,North,Healthcare,Mortgage,AST0085,08-Mar-19,44386,828,5009,105100,23068,3910,21.78,1.57,0.31,22,35,116,03-Aug-20,Good,47/51/149,No,0.685,0.163,0.863,v5.3,Medium,"{""IncomeImpact"": 0.911, ""CreditHistory"": 0.823, ""DTI"": 0.95}",194081,315216,258663,Active,Yes,Yes,Yes,07-Aug-19,18-Feb-25,CoreBanking,27-Jan-21,19-Nov-18,0.82,1,6,Yes,98
CUST0086,180,Adriena Humby,East,Finance,Mortgage,AST0086,16-May-22,46603,842,17608,110052,133982,590,24.34,0.37,0.28,11,14,133,01-Oct-24,Irregular,89/95/234,Yes,0.613,0.418,0.513,v5.1,High,"{""IncomeImpact"": 0.933, ""CreditHistory"": 0.866, ""DTI"": 0.045}",70999,339084,206753,Active,Yes,No,Yes,27-Aug-17,21-Aug-26,DataWarehouse,17-Jul-24,14-Jul-18,0.96,13,6,No,58
CUST0087,212,Harley Speirs,South,Healthcare,Loan,AST0087,18-Jan-18,44439,459,8924,43089,122851,3917,8.54,0.33,0.36,197,13,115,19-Jun-18,Irregular,59/67/61,Yes,0.376,0.811,0.69,v2.4,High,"{""IncomeImpact"": 0.987, ""CreditHistory"": 0.15, ""DTI"": 0.594}",22144,117732,171858,Active,Yes,Yes,No,12-Jun-19,18-Nov-27,CRM,05-Aug-22,09-May-18,0.63,6,1,No,58
CUST0088,153,Fonsie Ubanks,South,Finance,Credit Line,AST0088,27-Mar-21,47711,404,11161,31838,8134,605,20.93,1.97,0.13,102,23,175,26-Apr-24,High-Risk,82/21/298,No,0.97,0.842,0.637,v1.0,Low,"{""IncomeImpact"": 0.838, ""CreditHistory"": 0.469, ""DTI"": 0.415}",104678,478167,338683,Closed,Yes,Yes,No,16-May-16,29-Mar-25,API,27-Jul-15,19-Nov-16,0.96,14,7,No,4
CUST0089,205,Lyndell Costi,South,Retail,Mortgage,AST0089,17-Apr-19,46735,491,20021,73362,121919,1317,1.83,1.28,0.25,75,31,105,28-Jan-24,High-Risk,61/15/44,No,0.056,0.865,0.778,v4.2,Medium,"{""IncomeImpact"": 0.813, ""CreditHistory"": 1.0, ""DTI"": 0.997}",105573,341935,275678,Active,Yes,No,No,18-May-20,21-Jan-28,API,10-Nov-18,05-May-21,0.75,13,5,Yes,4
CUST0090,142,Jdavie Worden,North,Retail,Loan,AST0090,30-Jul-18,46121,783,36696,93698,206023,4884,24.99,1.95,0.1,168,15,68,12-Jan-21,High-Risk,94/14/112,No,0.769,0.945,0.565,v3.2,Low,"{""IncomeImpact"": 0.85, ""CreditHistory"": 0.247, ""DTI"": 0.451}",125020,315650,166725,Written-Off,No,Yes,No,14-May-21,29-Feb-28,CoreBanking,25-Apr-21,10-Feb-17,0.92,16,9,No,23
CUST0091,121,Quent Windows,North,Healthcare,Mortgage,AST0091,01-Jul-20,44533,320,36501,125301,5179,2817,23.03,0.48,0.13,183,11,82,01-Oct-20,Good,2/37/300,Yes,0.954,0.606,0.679,v1.8,Medium,"{""IncomeImpact"": 0.229, ""CreditHistory"": 0.672, ""DTI"": 0.618}",39027,200869,369380,Written-Off,No,Yes,No,21-May-18,23-Oct-26,CoreBanking,07-Oct-16,19-Mar-23,0.97,16,6,Yes,91
CUST0092,171,Jermaine Batman,East,Healthcare,Mortgage,AST0092,20-Apr-21,47511,687,22107,192412,185485,2512,4.06,1.48,0.95,146,25,145,27-Sept-24,Good,23/154/162,Yes,0.114,0.672,0.926,v5.1,Medium,"{""IncomeImpact"": 0.52, ""CreditHistory"": 0.772, ""DTI"": 0.52}",74737,178627,390774,Active,Yes,No,No,18-Nov-16,26-Jul-28,CRM,19-Mar-24,13-Dec-22,0.84,11,8,Yes,34
CUST0093,195,Alfy Casswell,East,Retail,Loan,AST0093,08-May-17,44250,301,5155,101171,119876,3537,24.26,1.78,0.49,96,22,139,23-Sept-17,Irregular,12/122/295,Yes,0.552,0.561,0.514,v2.7,Low,"{""IncomeImpact"": 0.877, ""CreditHistory"": 0.403, ""DTI"": 0.134}",18517,159617,10526,Closed,No,Yes,Yes,01-Nov-18,15-Dec-25,API,21-Oct-16,18-Mar-23,0.54,3,6,No,91
CUST0094,208,Ekaterina Zellmer,Central,Manufacturing,Mortgage,AST0094,07-May-15,44262,354,8636,86794,58883,1656,10.82,1.15,0.93,138,16,169,12-Mar-17,Irregular,38/60/49,Yes,0.755,0.62,0.507,v4.9,High,"{""IncomeImpact"": 0.704, ""CreditHistory"": 0.213, ""DTI"": 0.136}",258398,85525,28576,Closed,Yes,No,Yes,21-Apr-18,15-Aug-29,API,28-Mar-17,02-Feb-16,0.51,6,5,Yes,61
CUST0095,209,Virginia Priter,West,Manufacturing,Credit Line,AST0095,18-Jun-24,46299,571,7972,168261,147639,3274,5.44,1.78,0.37,114,2,67,04-Sept-24,Irregular,59/67/115,No,0.351,0.59,0.674,v5.0,Low,"{""IncomeImpact"": 0.392, ""CreditHistory"": 0.437, ""DTI"": 0.904}",51700,49935,350298,Closed,No,Yes,Yes,05-Jun-24,04-Mar-27,API,02-Jan-21,15-Sept-22,0.93,16,10,Yes,61
CUST0096,132,Veronika Clifford,North,Technology,Mortgage,AST0096,09-May-18,43917,423,31428,45319,48821,1835,20.4,0.34,0.42,174,27,51,17-Jun-19,High-Risk,18/152/132,No,0.514,0.784,0.975,v1.1,Medium,"{""IncomeImpact"": 0.397, ""CreditHistory"": 0.622, ""DTI"": 0.862}",292695,213328,289435,Closed,No,No,Yes,27-Oct-23,05-Dec-28,API,05-Apr-16,25-Aug-19,0.57,19,10,Yes,14
CUST0097,146,Isabel Trimbey,East,Technology,Lease,AST0097,23-Apr-21,47867,720,19310,100412,176648,4077,14.73,1,0.17,103,9,158,15-Nov-21,High-Risk,87/177/205,Yes,0.147,0.927,0.99,v4.5,High,"{""IncomeImpact"": 0.492, ""CreditHistory"": 0.258, ""DTI"": 0.459}",125559,30842,390987,Closed,No,No,Yes,15-Oct-18,02-Aug-29,DataWarehouse,27-Jun-18,22-Feb-18,0.92,4,4,Yes,39
CUST0098,11,Filbert Burmingham,East,Manufacturing,Loan,AST0098,05-May-23,47230,492,30948,55414,244450,3435,18.78,1.54,0.87,14,32,40,28-Mar-24,Good,39/181/259,No,0.493,0.329,0.564,v2.8,High,"{""IncomeImpact"": 0.633, ""CreditHistory"": 0.24, ""DTI"": 0.076}",16177,96088,101063,Active,Yes,Yes,Yes,13-Feb-20,14-Apr-25,DataWarehouse,26-Nov-22,26-Mar-17,0.64,15,9,No,82
CUST0099,132,Erroll Refford,South,Retail,Credit Line,AST0099,22-May-16,45667,756,13638,124408,158847,4616,9.39,0.41,0.89,191,44,23,24-Sept-16,Irregular,3/98/25,Yes,0.128,0.152,0.673,v5.3,Low,"{""IncomeImpact"": 0.139, ""CreditHistory"": 0.641, ""DTI"": 0.182}",119023,360307,108386,Closed,No,Yes,Yes,25-Apr-20,28-Sept-25,CoreBanking,28-Sept-21,25-Dec-23,0.5,9,10,No,92
CUST0100,24,Carroll Lies,West,Manufacturing,Lease,AST0100,15-Dec-22,47907,770,18514,57202,127342,2575,17.25,1.67,0.4,26,0,130,22-Sept-23,High-Risk,47/143/144,No,0.897,0.474,0.52,v1.7,Low,"{""IncomeImpact"": 0.668, ""CreditHistory"": 0.172, ""DTI"": 0.192}",177309,149956,335856,Closed,No,No,No,10-Feb-17,04-Nov-25,CoreBanking,21-Aug-15,13-Jan-24,0.93,20,7,No,88
CUST0101,31,Staford Radbourne,West,Retail,Lease,AST0101,27-Jul-16,45897,728,28515,101783,198129,389,14.99,1.99,0.82,87,46,56,08-Nov-16,High-Risk,68/163/243,No,0.169,0.279,0.73,v5.4,Low,"{""IncomeImpact"": 0.177, ""CreditHistory"": 0.089, ""DTI"": 0.121}",293682,99967,154027,Active,No,Yes,No,18-Feb-23,14-Jul-29,CoreBanking,16-Aug-22,06-Oct-18,0.83,8,6,Yes,96
CUST0102,249,Donnie Gianullo,East,Retail,Lease,AST0102,09-Oct-24,47196,601,32393,30875,128348,539,21.79,1.21,0.94,18,30,49,01-Dec-24,High-Risk,15/174/195,No,0.206,0.364,0.9,v4.0,Low,"{""IncomeImpact"": 0.503, ""CreditHistory"": 0.69, ""DTI"": 0.039}",73018,110013,179657,Closed,No,Yes,No,02-Sept-24,05-Jan-29,CoreBanking,26-Sept-23,28-Nov-15,0.74,6,6,Yes,1
CUST0103,155,Lianne Syseland,South,Technology,Mortgage,AST0103,26-Jan-20,45341,801,7769,33922,166082,3652,16.2,0.87,0.97,98,0,9,29-Mar-21,High-Risk,25/187/191,Yes,0.628,0.082,0.638,v3.8,Low,"{""IncomeImpact"": 0.874, ""CreditHistory"": 0.921, ""DTI"": 0.061}",10393,359810,2162,Written-Off,Yes,Yes,No,02-Jul-18,22-Sept-25,CRM,21-Apr-19,23-Aug-20,0.79,6,2,Yes,39
CUST0104,190,Lavina Thomas,Central,Technology,Lease,AST0104,06-Apr-18,45428,744,47008,35072,94845,4115,9.62,0.46,0.95,103,1,58,05-Feb-24,Good,93/33/108,Yes,0.806,0.748,0.742,v5.8,Low,"{""IncomeImpact"": 0.185, ""CreditHistory"": 0.209, ""DTI"": 0.37}",65572,197199,372826,Written-Off,Yes,No,No,26-Aug-23,01-Jan-28,CRM,29-Aug-21,16-Jul-15,0.83,1,1,Yes,54
CUST0105,235,Jeffry Jowers,Central,Retail,Credit Line,AST0105,25-Dec-19,45746,456,15467,182240,184762,176,8.23,1.36,0.66,69,39,155,03-Sept-20,High-Risk,17/107/53,Yes,0.618,0.369,0.626,v3.1,Low,"{""IncomeImpact"": 0.463, ""CreditHistory"": 0.747, ""DTI"": 0.037}",261958,109148,319292,Active,No,Yes,No,21-Nov-22,20-Apr-27,DataWarehouse,18-Oct-16,11-Jun-15,0.77,7,8,No,31
CUST0106,133,Billie Haseley,North,Finance,Credit Line,AST0106,12-Jan-15,42433,452,7903,134140,24673,929,22.71,1.32,0.46,75,16,118,21-Dec-15,Good,12/44/20,No,0.713,0.895,0.724,v3.5,Medium,"{""IncomeImpact"": 0.512, ""CreditHistory"": 0.532, ""DTI"": 0.107}",61765,54806,397517,Active,Yes,Yes,Yes,08-Sept-18,03-Jan-27,API,21-Dec-21,03-Jan-18,0.94,3,6,No,24
CUST0107,199,Thane McCrie,West,Retail,Credit Line,AST0107,11-Apr-16,44477,789,29639,170091,237292,1466,3.71,1.42,0.06,40,6,106,09-Jul-18,High-Risk,61/145/224,Yes,0.533,0.242,0.661,v5.6,Medium,"{""IncomeImpact"": 0.269, ""CreditHistory"": 0.377, ""DTI"": 0.02}",16108,457238,358856,Written-Off,Yes,No,No,07-Apr-16,23-Dec-29,API,11-Dec-19,08-Jul-15,0.53,11,1,Yes,86
CUST0108,199,Waring Cushelly,Central,Technology,Loan,AST0108,16-Oct-24,47331,743,45366,190487,70162,4047,9.3,1.38,0.38,142,39,13,21-Dec-24,Good,82/40/258,No,0.211,0.327,0.84,v4.2,Low,"{""IncomeImpact"": 0.12, ""CreditHistory"": 0.891, ""DTI"": 0.594}",258765,173104,126296,Closed,No,Yes,Yes,04-Mar-21,10-Aug-28,API,10-Jul-19,29-Feb-24,0.62,15,8,No,12
CUST0109,95,Antonio Wadsworth,East,Finance,Credit Line,AST0109,09-Aug-24,47919,318,8726,105759,113092,393,14.37,0.1,0.09,154,39,163,01-Dec-24,Irregular,65/143/105,No,0.789,0.498,0.873,v3.5,Low,"{""IncomeImpact"": 0.087, ""CreditHistory"": 0.537, ""DTI"": 0.587}",117873,447665,238267,Closed,No,No,No,12-Apr-16,19-Jul-25,CoreBanking,09-Jan-15,30-Oct-18,0.68,10,9,No,90
CUST0110,225,Briana Brownstein,West,Healthcare,Credit Line,AST0110,11-Mar-16,42992,409,18665,160131,56359,1636,3.9,1.72,0.22,200,12,86,26-Aug-16,Good,96/106/23,Yes,0.432,0.128,0.785,v4.7,High,"{""IncomeImpact"": 0.284, ""CreditHistory"": 0.363, ""DTI"": 0.646}",265344,75588,261529,Active,Yes,No,No,13-Sept-20,19-May-29,CoreBanking,04-Oct-22,27-Jun-21,0.59,5,2,No,85
CUST0111,26,Annette Brewis,Central,Manufacturing,Credit Line,AST0111,25-Sept-21,47311,554,19930,104299,94878,2509,11.87,0.35,0.41,179,47,131,16-Jul-23,Irregular,89/140/160,Yes,0.356,0.987,0.576,v2.3,High,"{""IncomeImpact"": 0.606, ""CreditHistory"": 0.237, ""DTI"": 0.102}",153347,364982,181033,Written-Off,Yes,Yes,No,19-Dec-22,25-Aug-25,DataWarehouse,22-Apr-21,21-May-20,0.79,14,9,No,55
CUST0112,155,Ame Gillingwater,North,Finance,Credit Line,AST0112,24-Jan-24,45732,448,5477,175703,19838,1737,7.41,1.59,0.98,174,16,37,17-Oct-24,Good,88/200/151,Yes,0.246,0.161,0.948,v5.0,Medium,"{""IncomeImpact"": 0.187, ""CreditHistory"": 0.285, ""DTI"": 0.173}",238289,58729,323018,Written-Off,Yes,No,Yes,23-Sept-20,26-May-29,DataWarehouse,09-Oct-22,14-Jun-22,0.52,13,7,No,88
CUST0113,176,Quint Hoffmann,North,Retail,Mortgage,AST0113,04-Jul-18,45911,753,16781,166143,189714,3112,19.12,1.14,0.6,198,46,49,09-Feb-19,Irregular,57/45/38,Yes,0.08,0.525,0.699,v2.8,Low,"{""IncomeImpact"": 0.41, ""CreditHistory"": 0.982, ""DTI"": 0.112}",198760,26304,224661,Closed,No,Yes,Yes,20-Jul-21,29-Sept-29,DataWarehouse,24-Jan-15,15-Sept-18,0.73,5,1,Yes,42
CUST0114,210,Yvonne Willowby,West,Technology,Lease,AST0114,10-Sept-21,45022,374,48378,83324,142729,1901,23.97,1.09,0.79,40,26,139,15-Jul-22,High-Risk,51/23/178,Yes,0.969,0.866,0.834,v2.5,Medium,"{""IncomeImpact"": 0.817, ""CreditHistory"": 0.258, ""DTI"": 0.171}",190161,158917,114528,Written-Off,No,Yes,Yes,02-Jul-22,10-Dec-26,API,11-Sept-17,15-Mar-22,0.81,20,4,Yes,88
CUST0115,190,Alethea Agnolo,North,Manufacturing,Lease,AST0115,06-Dec-24,47311,589,3619,135493,220510,3171,13.34,1.07,0.49,75,41,49,18-Dec-24,Irregular,65/21/49,Yes,0.929,0.557,0.594,v5.8,Low,"{""IncomeImpact"": 0.572, ""CreditHistory"": 0.28, ""DTI"": 0.769}",35326,115510,351448,Written-Off,Yes,No,Yes,22-Apr-17,07-Jan-28,API,02-Apr-22,28-Feb-24,0.97,5,1,No,92
CUST0116,194,Garner Gooderick,North,Finance,Mortgage,AST0116,20-Sept-18,43883,557,38574,18465,155722,1964,22.86,0.87,0.45,103,27,80,18-Dec-18,Good,49/172/60,Yes,0.324,0.425,0.805,v5.1,High,"{""IncomeImpact"": 0.508, ""CreditHistory"": 0.242, ""DTI"": 0.115}",24863,372464,38057,Closed,Yes,No,No,20-Oct-21,27-Jun-25,DataWarehouse,01-Aug-23,28-Nov-19,0.69,1,8,Yes,69
CUST0117,93,Morgen Agron,West,Technology,Lease,AST0117,19-Jun-17,43828,447,21533,177547,237515,3156,23.98,0.12,0.87,36,7,10,23-Jul-19,Good,73/152/201,Yes,0.289,0.581,0.526,v3.3,High,"{""IncomeImpact"": 0.154, ""CreditHistory"": 0.481, ""DTI"": 0.533}",181277,116011,216349,Written-Off,Yes,Yes,Yes,23-Jun-17,17-Jun-28,DataWarehouse,06-Mar-17,14-Apr-16,0.59,19,1,No,83
CUST0118,185,Germaine Srawley,North,Retail,Loan,AST0118,01-Mar-21,44920,502,49552,152199,132714,2810,9.57,1.38,0.23,72,39,17,23-Dec-21,Good,40/124/230,No,0.337,0.134,0.905,v5.4,High,"{""IncomeImpact"": 0.063, ""CreditHistory"": 0.99, ""DTI"": 0.322}",80898,301512,297198,Closed,No,No,Yes,20-Jan-15,04-Oct-26,CoreBanking,24-Oct-23,26-Jun-17,0.86,14,5,No,18
CUST0119,67,Berri Holdforth,West,Manufacturing,Credit Line,AST0119,15-Aug-22,48155,667,22019,127656,149617,991,5.22,1.25,0.84,35,34,50,20-Jul-23,Irregular,93/160/39,Yes,0.255,0.682,0.706,v1.8,High,"{""IncomeImpact"": 0.76, ""CreditHistory"": 0.596, ""DTI"": 0.472}",17354,431058,305078,Written-Off,No,Yes,Yes,09-Mar-21,18-Jun-26,API,02-May-22,11-Sept-23,0.57,13,4,No,18
CUST0120,240,Elianore Rohloff,North,Manufacturing,Lease,AST0120,18-Mar-20,46325,814,2694,173717,67621,1458,19.17,0.37,0.16,144,36,168,27-Jan-23,Good,94/187/247,No,0.349,0.93,0.865,v1.3,Medium,"{""IncomeImpact"": 0.831, ""CreditHistory"": 0.965, ""DTI"": 0.124}",122503,37957,138599,Closed,Yes,Yes,Yes,22-Oct-20,09-Jun-29,DataWarehouse,09-May-19,07-Apr-20,0.96,2,1,No,14
CUST0121,100,Monroe Stobbie,East,Retail,Mortgage,AST0121,22-Nov-22,47387,685,44839,99226,100760,4914,16.68,1.69,0.52,96,14,132,31-Aug-24,Irregular,45/88/249,No,0.938,0.181,0.921,v5.0,High,"{""IncomeImpact"": 0.066, ""CreditHistory"": 0.741, ""DTI"": 0.574}",73859,235633,86825,Active,Yes,No,Yes,07-Sept-16,18-Jan-26,CoreBanking,23-Jan-19,01-Oct-21,0.86,4,4,No,43
CUST0122,10,Devan Aldwich,West,Manufacturing,Mortgage,AST0122,29-Jan-23,45784,465,44418,107714,10884,2096,2.04,1.19,0.16,161,32,10,05-Jun-24,High-Risk,18/14/85,No,0.14,0.795,0.907,v2.8,Medium,"{""IncomeImpact"": 0.202, ""CreditHistory"": 0.164, ""DTI"": 0.164}",296491,339297,9762,Written-Off,No,Yes,Yes,14-Jan-20,27-May-28,API,22-Sept-24,26-May-20,0.59,14,10,Yes,75
CUST0123,85,Norine Jedrzaszkiewicz,Central,Technology,Lease,AST0123,14-Mar-24,48873,471,49460,179723,94829,3814,15.32,0.23,0.38,33,6,4,15-Jun-24,Good,66/129/214,Yes,0.665,0.523,0.908,v5.1,Low,"{""IncomeImpact"": 0.359, ""CreditHistory"": 0.877, ""DTI"": 0.392}",250492,477702,322305,Written-Off,Yes,Yes,Yes,29-May-20,12-Sept-28,CoreBanking,07-Oct-21,17-Jan-21,0.91,14,9,No,48
CUST0124,172,Hildegarde Seargeant,West,Healthcare,Credit Line,AST0124,23-Oct-24,46130,690,24971,154415,215926,4819,3.35,0.35,0.48,59,5,72,29-Dec-24,High-Risk,69/104/131,Yes,0.439,0.377,0.751,v1.0,High,"{""IncomeImpact"": 0.463, ""CreditHistory"": 0.301, ""DTI"": 0.748}",274961,66776,272504,Active,No,Yes,No,02-Aug-19,12-Jan-27,CRM,25-Sept-16,12-Oct-19,0.83,9,5,No,73
CUST0125,110,Granny Muino,West,Healthcare,Credit Line,AST0125,06-Feb-19,46373,794,13712,97049,151563,4645,12.61,1.98,0.58,198,45,101,10-Mar-22,High-Risk,17/168/60,Yes,0.232,0.9,0.812,v4.2,Low,"{""IncomeImpact"": 0.384, ""CreditHistory"": 0.544, ""DTI"": 0.906}",113437,271518,210009,Closed,Yes,Yes,No,17-Feb-22,11-Jan-25,CRM,26-Mar-24,18-Aug-16,0.74,20,7,Yes,9
CUST0126,221,Sybila Shallcross,North,Technology,Loan,AST0126,13-Dec-17,44355,693,28256,160947,177012,4368,7.88,1.93,0.06,198,11,163,11-Jan-20,Irregular,56/2/103,No,0.117,0.94,0.897,v2.0,High,"{""IncomeImpact"": 0.628, ""CreditHistory"": 0.335, ""DTI"": 0.139}",268674,275434,366188,Active,Yes,Yes,No,06-Sept-17,03-Sept-28,CRM,06-Oct-16,22-Dec-15,1,13,6,No,52
CUST0127,94,Alexander Bockman,North,Finance,Loan,AST0127,28-Jul-21,45590,591,49588,146568,244864,4875,9.35,1.93,0.28,155,12,116,22-Jun-24,Irregular,73/1/133,Yes,0.62,0.533,0.656,v4.8,Low,"{""IncomeImpact"": 0.894, ""CreditHistory"": 0.789, ""DTI"": 0.152}",293883,42951,263805,Closed,No,Yes,No,28-Oct-24,07-Jan-28,DataWarehouse,14-Oct-22,19-Dec-19,0.98,19,8,Yes,97
CUST0128,248,Myles Bittany,West,Technology,Loan,AST0128,23-Oct-18,46937,793,9619,67585,22708,3234,16.21,1.99,0.68,58,20,105,15-Dec-23,Irregular,66/137/4,No,0.248,0.744,0.938,v2.4,Low,"{""IncomeImpact"": 0.034, ""CreditHistory"": 0.57, ""DTI"": 0.762}",210154,358211,392580,Closed,Yes,Yes,No,09-Jul-18,26-Dec-26,CoreBanking,07-Jun-21,07-Jan-18,0.59,7,8,Yes,31
CUST0129,142,Jonathan Pinwill,South,Healthcare,Mortgage,AST0129,01-Apr-23,46373,555,42540,93330,45893,973,3.88,0.25,0.96,126,39,1,28-Dec-23,High-Risk,5/123/190,No,0.342,0.821,0.699,v4.9,Medium,"{""IncomeImpact"": 0.111, ""CreditHistory"": 0.846, ""DTI"": 0.127}",258323,100877,267981,Closed,No,Yes,Yes,10-Aug-15,13-Dec-27,API,13-May-20,23-Jan-21,0.52,12,7,Yes,59
CUST0130,123,Marcelo Swett,West,Retail,Loan,AST0130,08-May-16,45723,312,46178,55247,104464,4859,3.42,0.79,0.86,47,35,67,28-Feb-22,Good,34/120/175,No,0.797,0.15,0.821,v2.7,Medium,"{""IncomeImpact"": 0.229, ""CreditHistory"": 0.722, ""DTI"": 0.72}",111379,224725,367375,Closed,No,No,No,21-Jan-20,04-Jan-26,CoreBanking,16-Jun-21,10-Sept-22,0.61,4,5,Yes,72
CUST0131,151,Karlotta Sarl,South,Healthcare,Credit Line,AST0131,06-Nov-19,45700,309,13574,110499,135966,1201,24.89,1.71,0.52,184,20,124,11-Dec-20,Irregular,32/143/290,Yes,0.694,0.543,0.954,v4.1,High,"{""IncomeImpact"": 0.252, ""CreditHistory"": 0.346, ""DTI"": 0.182}",86638,36476,112966,Closed,No,Yes,No,08-May-23,17-Nov-26,DataWarehouse,18-Jan-19,15-Jan-19,0.78,9,6,Yes,53
CUST0132,213,Chick Mannin,Central,Healthcare,Mortgage,AST0132,11-May-16,44304,591,25272,85220,181473,4281,12.7,1.5,0.89,97,39,73,22-Mar-21,Irregular,80/37/85,No,0.583,0.401,0.793,v4.9,High,"{""IncomeImpact"": 0.462, ""CreditHistory"": 0.947, ""DTI"": 0.153}",213217,450068,37404,Active,Yes,No,Yes,08-Jul-18,11-Oct-26,DataWarehouse,19-Dec-22,31-Dec-17,0.8,13,5,No,100
CUST0133,219,Roth Ernke,Central,Technology,Credit Line,AST0133,04-Sept-24,47391,723,12965,48204,228926,289,4,0.55,0.25,190,44,20,08-Dec-24,Good,21/101/52,Yes,0.506,0.611,0.783,v1.7,High,"{""IncomeImpact"": 0.018, ""CreditHistory"": 0.872, ""DTI"": 0.932}",29220,18822,208148,Written-Off,Yes,Yes,No,06-Dec-21,15-Nov-25,CRM,06-May-22,05-Dec-24,0.69,8,4,No,57
CUST0134,207,Jilli Antowski,Central,Healthcare,Loan,AST0134,10-Jan-22,45453,335,45486,93543,230540,2764,21.74,0.99,0.87,69,35,113,24-May-22,Good,89/138/90,No,0.697,0.922,0.803,v5.6,High,"{""IncomeImpact"": 0.707, ""CreditHistory"": 0.153, ""DTI"": 0.576}",280856,167351,182016,Closed,Yes,Yes,No,15-Jun-18,20-Jan-27,API,30-Nov-17,29-Sept-16,0.65,1,9,Yes,45
CUST0135,147,Tanner Kohrding,North,Manufacturing,Credit Line,AST0135,20-Mar-18,45465,606,2598,112836,214181,2499,15.33,1.61,0.55,48,26,143,19-Mar-24,Irregular,50/63/83,No,0.424,0.736,0.557,v4.3,Medium,"{""IncomeImpact"": 0.934, ""CreditHistory"": 0.926, ""DTI"": 0.451}",42528,226375,327849,Active,No,No,No,19-Aug-19,21-Jan-26,CRM,17-Jan-17,13-Jul-16,0.64,15,10,No,35
CUST0136,143,Lona Figgen,South,Retail,Loan,AST0136,09-Nov-22,47789,455,5252,140239,10801,1623,24.34,0.64,0.13,112,46,2,26-Mar-24,Good,11/38/7,No,0.985,0.839,0.759,v2.5,Medium,"{""IncomeImpact"": 0.125, ""CreditHistory"": 0.921, ""DTI"": 0.87}",164355,416946,261302,Closed,No,Yes,No,25-Nov-15,24-Sept-29,CoreBanking,18-Aug-15,27-Dec-17,0.89,3,9,No,24
CUST0137,87,Dame Drance,North,Finance,Mortgage,AST0137,26-Feb-17,44181,694,31029,64792,198362,374,5.78,1.5,0.09,170,13,121,18-Apr-19,Irregular,87/79/165,Yes,0.591,0.399,0.502,v1.8,High,"{""IncomeImpact"": 0.055, ""CreditHistory"": 0.335, ""DTI"": 0.803}",65037,137808,252302,Written-Off,No,Yes,No,14-Dec-24,17-Apr-25,CoreBanking,07-Apr-16,24-Aug-17,0.82,11,1,Yes,36
CUST0138,144,Winna Pouton,South,Finance,Loan,AST0138,22-Jul-21,45254,786,47115,156293,45630,3142,19.5,0.57,0.5,175,39,86,31-Aug-22,High-Risk,7/15/182,Yes,0.333,0.398,0.673,v5.1,Low,"{""IncomeImpact"": 0.537, ""CreditHistory"": 0.92, ""DTI"": 0.346}",256770,126988,166062,Written-Off,No,No,Yes,29-Mar-15,12-Nov-28,API,07-Jan-19,15-Feb-23,0.57,2,8,No,72
CUST0139,191,Marybeth Jefford,South,Technology,Mortgage,AST0139,22-Apr-18,45800,656,23212,191994,127786,2355,21.82,1.24,0.86,41,4,135,20-Oct-23,Good,57/75/134,No,0.738,0.452,0.588,v4.0,High,"{""IncomeImpact"": 0.225, ""CreditHistory"": 0.452, ""DTI"": 0.141}",266267,203727,384647,Active,Yes,No,Yes,06-Aug-18,16-Jan-29,CRM,20-May-22,16-Jan-21,0.91,7,9,No,99
CUST0140,126,Trudey Lethardy,East,Retail,Credit Line,AST0140,08-Mar-21,45259,629,9239,25233,142153,646,2.05,1.88,0.18,8,12,27,25-Nov-22,Irregular,24/25/16,No,0.498,0.419,0.816,v4.8,High,"{""IncomeImpact"": 0.915, ""CreditHistory"": 0.362, ""DTI"": 0.581}",135185,30735,192075,Active,Yes,Yes,Yes,09-May-22,04-Oct-27,CRM,01-Apr-20,25-Dec-23,0.82,12,9,No,48
CUST0141,156,Cookie Gascoigne,Central,Retail,Loan,AST0141,28-Nov-23,48524,372,21916,20430,61596,4355,3.33,1.48,0.53,48,12,134,27-Dec-23,High-Risk,31/145/91,No,0.013,0.664,0.707,v1.9,Medium,"{""IncomeImpact"": 0.178, ""CreditHistory"": 0.961, ""DTI"": 0.149}",241501,373338,348778,Closed,Yes,Yes,Yes,02-Mar-21,03-Apr-27,DataWarehouse,17-May-22,09-Oct-16,0.77,20,8,No,41
CUST0142,121,Mellie Demschke,West,Manufacturing,Lease,AST0142,03-Mar-21,45952,546,38906,143032,61079,3172,19.38,1.86,0.25,115,28,101,03-Apr-23,Good,92/8/145,Yes,0.085,0.997,0.875,v5.2,Medium,"{""IncomeImpact"": 0.502, ""CreditHistory"": 0.595, ""DTI"": 0.067}",4443,162461,116332,Active,No,Yes,No,17-Mar-21,14-Nov-27,CoreBanking,22-Jan-16,04-Jun-15,0.73,5,3,No,47
CUST0143,61,Betteann Garshore,South,Retail,Lease,AST0143,22-Dec-24,48397,394,39387,104804,154176,1881,18.62,1.47,0.79,44,31,176,25-Dec-24,High-Risk,73/24/153,Yes,0.21,0.898,0.736,v5.6,Low,"{""IncomeImpact"": 0.205, ""CreditHistory"": 0.191, ""DTI"": 0.037}",30319,488326,175316,Closed,No,No,Yes,02-Oct-24,27-Apr-29,CoreBanking,21-May-23,27-Apr-22,0.92,1,7,Yes,40
CUST0144,40,Prescott Skilbeck,Central,Technology,Mortgage,AST0144,17-Nov-20,44685,634,34925,182915,62880,1354,2.21,1.49,0.39,114,48,152,09-Oct-21,High-Risk,64/23/113,No,0.565,0.066,0.72,v3.6,Low,"{""IncomeImpact"": 0.776, ""CreditHistory"": 0.453, ""DTI"": 0.524}",70305,181248,43277,Closed,Yes,No,No,15-Dec-15,28-Mar-27,API,05-Sept-23,29-Oct-22,0.57,5,8,Yes,63
CUST0145,81,Rab Clougher,South,Technology,Mortgage,AST0145,08-Jun-19,46660,548,6695,69797,208626,3623,8.76,1.86,0.09,171,26,108,21-Aug-22,Irregular,44/48/164,No,0.401,0.56,0.973,v5.0,Medium,"{""IncomeImpact"": 0.155, ""CreditHistory"": 0.182, ""DTI"": 0.862}",89738,188352,323077,Closed,Yes,No,Yes,05-Mar-24,24-Apr-26,CoreBanking,08-Sept-22,12-Mar-19,0.58,3,2,Yes,32
CUST0146,43,Joletta Jaycocks,East,Finance,Lease,AST0146,18-Dec-21,45517,413,21996,117980,128519,286,8.97,1.51,0.21,139,33,66,25-May-24,High-Risk,61/159/72,Yes,0.373,0.271,0.578,v4.9,High,"{""IncomeImpact"": 0.644, ""CreditHistory"": 0.409, ""DTI"": 0.025}",277194,27797,133932,Active,Yes,No,Yes,07-Nov-23,27-Nov-28,DataWarehouse,06-Aug-15,19-Mar-20,0.83,1,2,No,85
CUST0147,236,Raoul Howbrook,North,Finance,Lease,AST0147,16-Jan-18,46196,695,17149,99798,138310,915,22.69,1.02,0.6,22,11,50,30-Jan-22,High-Risk,58/143/11,Yes,0.716,0.659,0.836,v2.8,Medium,"{""IncomeImpact"": 0.027, ""CreditHistory"": 0.222, ""DTI"": 0.231}",175886,261865,206254,Written-Off,Yes,Yes,No,03-Sept-22,22-Dec-26,DataWarehouse,04-Jan-22,23-May-18,0.62,17,5,Yes,81
CUST0148,203,Corey Healing,North,Technology,Lease,AST0148,21-Nov-17,45010,530,11942,89597,240189,3318,16.77,0.27,0.38,173,39,160,18-Nov-22,High-Risk,29/106/123,Yes,0.02,0.104,0.619,v4.4,High,"{""IncomeImpact"": 0.8, ""CreditHistory"": 0.179, ""DTI"": 0.653}",173640,240494,284286,Active,Yes,Yes,Yes,03-Sept-24,10-Oct-25,DataWarehouse,21-Sept-22,28-Nov-22,0.95,5,7,Yes,84
CUST0149,174,Roxine Leindecker,North,Technology,Loan,AST0149,02-May-21,45330,488,22814,38147,195599,341,19.37,1.77,0.41,105,19,113,23-Mar-22,High-Risk,81/189/140,Yes,0.099,0.243,0.699,v2.1,Low,"{""IncomeImpact"": 0.722, ""CreditHistory"": 0.856, ""DTI"": 0.83}",97860,18735,399742,Written-Off,No,Yes,Yes,03-Aug-17,08-Nov-28,CRM,11-Jan-19,22-Nov-15,0.84,16,3,No,92
CUST0150,144,Arluene MacKegg,West,Manufacturing,Credit Line,AST0150,14-Apr-22,46561,440,12733,50661,64316,364,10.81,1.94,0.93,105,14,171,19-Oct-22,Good,96/52/33,Yes,0.668,0.205,0.543,v4.9,Medium,"{""IncomeImpact"": 0.293, ""CreditHistory"": 0.896, ""DTI"": 0.013}",171338,459439,239885,Active,No,No,Yes,26-Oct-21,14-Feb-29,API,28-Jan-23,05-Jul-18,0.7,19,10,Yes,67
CUST0151,203,Dinny Deeks,North,Healthcare,Credit Line,AST0151,23-Mar-16,44666,340,38549,101554,140299,503,5.56,0.94,0.88,198,18,118,07-May-21,Good,54/75/27,Yes,0.208,0.027,0.946,v4.7,Low,"{""IncomeImpact"": 0.181, ""CreditHistory"": 0.583, ""DTI"": 0.421}",263488,64334,94251,Written-Off,Yes,No,No,17-Aug-18,13-Jul-27,CRM,02-Jan-17,02-Feb-20,0.8,7,8,Yes,33
CUST0152,162,Tiena Seagrave,North,Finance,Loan,AST0152,20-Aug-18,46530,760,43554,95143,27362,4391,17.97,1.48,0.98,156,10,96,21-Jun-20,High-Risk,48/11/87,No,0.817,0.342,0.634,v5.2,Low,"{""IncomeImpact"": 0.259, ""CreditHistory"": 0.38, ""DTI"": 0.59}",76815,98777,373317,Active,No,No,No,10-Mar-23,24-Apr-29,API,28-Mar-18,09-Jan-22,0.59,5,4,Yes,80
CUST0153,239,Davine Kipping,West,Manufacturing,Credit Line,AST0153,02-Aug-23,46541,305,41844,129359,67358,1876,15.13,1,0.41,20,38,153,14-Aug-23,Good,31/140/142,Yes,0.624,0.409,0.974,v1.2,Low,"{""IncomeImpact"": 0.552, ""CreditHistory"": 0.436, ""DTI"": 0.294}",29869,347505,182986,Active,Yes,Yes,No,18-Sept-18,29-Jun-25,CRM,22-Mar-16,04-Sept-19,1,6,5,Yes,59
CUST0154,113,Ninnetta Creech,North,Finance,Lease,AST0154,28-May-23,47810,630,26154,99336,220027,654,19.2,1.7,0.06,120,8,31,30-May-24,High-Risk,35/84/269,No,0.764,0.14,0.9,v5.3,High,"{""IncomeImpact"": 0.868, ""CreditHistory"": 0.487, ""DTI"": 0.895}",110602,325892,30505,Active,Yes,No,No,16-Oct-19,31-May-28,DataWarehouse,29-Nov-17,22-Nov-20,0.79,20,6,Yes,79
CUST0155,81,Skipton Partener,West,Manufacturing,Mortgage,AST0155,23-Apr-21,46707,538,48437,76149,55739,112,3.84,0.98,0.8,188,13,157,22-Mar-24,Irregular,52/11/170,No,0.425,0.022,0.629,v5.3,Low,"{""IncomeImpact"": 0.269, ""CreditHistory"": 0.542, ""DTI"": 0.633}",106480,366767,147653,Closed,Yes,No,No,06-Sept-20,01-Feb-28,DataWarehouse,08-Aug-23,26-Jan-15,0.56,11,6,No,93
CUST0156,126,Selina Whylie,South,Healthcare,Lease,AST0156,19-May-21,47223,646,46071,125595,245166,3987,20.13,1.33,0.48,160,29,137,17-Jul-21,Irregular,59/200/211,Yes,0.139,0.835,0.636,v5.4,High,"{""IncomeImpact"": 0.984, ""CreditHistory"": 0.526, ""DTI"": 0.172}",166414,296072,280958,Active,Yes,No,No,29-Sept-15,02-Nov-25,DataWarehouse,05-Jun-24,08-May-15,0.67,13,9,Yes,74
CUST0157,14,Cal Chaim,Central,Finance,Lease,AST0157,16-Oct-21,46445,622,48520,8291,76171,3490,3.08,1.77,0.37,77,13,134,03-Nov-22,Irregular,22/28/191,Yes,0.018,0.914,0.777,v2.1,Medium,"{""IncomeImpact"": 0.118, ""CreditHistory"": 0.577, ""DTI"": 0.274}",266286,18073,253054,Written-Off,Yes,Yes,No,03-Jun-20,09-Feb-29,DataWarehouse,12-Sept-23,02-Sept-18,0.57,4,9,Yes,27
CUST0158,77,Cecilia Derill,West,Technology,Loan,AST0158,15-Feb-23,45486,304,22380,11542,185106,4968,21.93,0.73,0.89,26,33,168,30-May-24,High-Risk,39/5/295,No,0.651,0.83,0.95,v2.5,Low,"{""IncomeImpact"": 0.206, ""CreditHistory"": 0.011, ""DTI"": 0.137}",101949,155243,145044,Written-Off,No,No,Yes,21-Jan-18,02-Nov-25,CoreBanking,25-Jan-18,13-Apr-16,0.51,20,9,Yes,27
CUST0159,119,Konstance Cotes,East,Retail,Mortgage,AST0159,31-Jan-21,46026,590,39623,64179,49898,683,8.47,1.8,0.54,12,8,7,01-Mar-24,Irregular,86/12/54,No,0.874,0.597,0.957,v1.1,Medium,"{""IncomeImpact"": 0.601, ""CreditHistory"": 0.665, ""DTI"": 0.175}",206477,98838,369454,Written-Off,No,No,No,23-Sept-18,02-Aug-29,CoreBanking,30-Dec-22,04-Jul-23,0.84,18,2,No,73
CUST0160,61,Esta Titterell,West,Finance,Credit Line,AST0160,23-Jun-16,43289,617,46857,168930,191178,3912,12.29,1.9,0.14,157,16,93,08-Jun-18,Irregular,23/179/169,No,0.419,0.383,0.869,v4.7,Low,"{""IncomeImpact"": 0.519, ""CreditHistory"": 0.047, ""DTI"": 0.166}",35270,254212,59185,Closed,No,No,Yes,02-Mar-18,22-Apr-29,DataWarehouse,11-Oct-21,11-Jun-21,0.56,4,7,Yes,42
CUST0161,158,Janeen Smitten,East,Technology,Credit Line,AST0161,27-Mar-21,47307,710,40701,108381,67541,2096,14.15,1.95,0.38,87,13,177,19-Aug-21,High-Risk,55/200/222,No,0.083,0.603,0.678,v5.3,Low,"{""IncomeImpact"": 0.245, ""CreditHistory"": 0.389, ""DTI"": 0.289}",41839,392641,373245,Written-Off,No,Yes,No,25-Aug-18,11-Feb-28,CRM,21-Mar-24,29-Dec-19,0.59,13,2,Yes,88
CUST0162,10,Dusty Kasparski,East,Manufacturing,Loan,AST0162,17-Feb-24,48146,392,16261,36416,237590,4857,22.68,1.31,0,37,42,38,29-Aug-24,Irregular,68/74/199,No,0.719,0.297,0.968,v2.3,High,"{""IncomeImpact"": 0.566, ""CreditHistory"": 0.476, ""DTI"": 0.664}",166988,162147,298989,Written-Off,No,No,No,01-Jan-16,08-Apr-28,CRM,09-Nov-21,21-Sept-20,0.7,5,5,Yes,48
CUST0163,210,Lorry Doughtery,Central,Retail,Loan,AST0163,26-Feb-21,44835,588,4043,61667,118171,4934,10.46,0.7,0.38,97,27,139,26-Feb-21,Good,84/44/243,Yes,0.733,0.215,0.526,v2.8,Medium,"{""IncomeImpact"": 0.031, ""CreditHistory"": 0.262, ""DTI"": 0.595}",189894,445382,218751,Active,No,Yes,Yes,17-Feb-15,27-May-25,CRM,12-Aug-16,02-Feb-23,0.94,14,3,Yes,18
CUST0164,52,Cecilla Tuckett,Central,Manufacturing,Mortgage,AST0164,15-Mar-22,46703,765,35385,111181,149716,3786,10.23,0.53,0.42,1,36,127,03-Oct-24,High-Risk,30/182/256,No,0.496,0.597,0.538,v4.8,High,"{""IncomeImpact"": 0.334, ""CreditHistory"": 0.771, ""DTI"": 0.107}",193397,22543,19852,Written-Off,No,No,Yes,04-Jul-21,14-Sept-27,CRM,04-Aug-16,10-Mar-23,0.87,9,8,Yes,67
CUST0165,151,Michel Lanktree,South,Manufacturing,Loan,AST0165,24-Dec-24,48513,619,42176,13834,241869,2914,13.84,0.12,0.45,120,36,84,25-Dec-24,Irregular,45/75/148,Yes,0.728,0.495,0.91,v1.9,High,"{""IncomeImpact"": 0.688, ""CreditHistory"": 0.435, ""DTI"": 0.246}",160420,386142,295544,Closed,Yes,No,Yes,04-Jun-21,16-Apr-25,DataWarehouse,27-Jan-24,09-Apr-23,0.81,10,8,Yes,17
CUST0166,210,Kimmi Dunkinson,East,Healthcare,Lease,AST0166,01-Sept-20,44754,581,18839,3723,199361,1013,15.49,1.83,0.74,168,28,94,12-Jun-21,Good,33/200/120,No,0.799,0.695,0.546,v2.8,Low,"{""IncomeImpact"": 0.272, ""CreditHistory"": 0.59, ""DTI"": 0.361}",180751,49250,76058,Written-Off,Yes,No,No,22-Aug-23,24-Feb-27,CoreBanking,30-May-22,08-Dec-19,0.86,6,4,No,7
CUST0167,8,Natividad Pideon,North,Healthcare,Credit Line,AST0167,15-Mar-22,46082,708,33210,79001,129850,4462,6.61,1.4,0.39,67,9,135,07-Nov-22,Irregular,1/73/229,No,0.917,0.137,0.771,v3.8,High,"{""IncomeImpact"": 0.95, ""CreditHistory"": 0.446, ""DTI"": 0.185}",22505,56046,278550,Written-Off,No,No,No,04-Oct-18,08-Jul-26,DataWarehouse,31-Dec-23,07-Feb-16,0.63,19,7,No,99
CUST0168,216,Timi Glenton,Central,Healthcare,Lease,AST0168,28-Jul-22,48203,484,22530,143553,7772,169,20.96,0.12,0.1,26,43,114,01-Apr-23,Irregular,28/185/145,No,0.873,0.732,0.925,v2.0,Low,"{""IncomeImpact"": 0.807, ""CreditHistory"": 0.659, ""DTI"": 0.692}",49203,34822,311499,Written-Off,Yes,Yes,Yes,20-Dec-15,20-Oct-29,CoreBanking,20-Mar-19,12-May-22,0.88,19,3,Yes,90
CUST0169,246,Rolando Spurdens,West,Finance,Credit Line,AST0169,24-Jan-17,44161,583,29982,181461,241818,2749,7.18,1.58,0.28,15,24,99,19-Sept-18,Irregular,7/66/135,Yes,0.25,0.489,0.52,v4.1,Medium,"{""IncomeImpact"": 0.221, ""CreditHistory"": 0.988, ""DTI"": 0.944}",106208,324973,205853,Active,No,Yes,Yes,23-Jan-21,24-Apr-29,API,13-Jun-17,19-Nov-21,0.82,15,5,Yes,5
CUST0170,239,Noami Goodsall,East,Manufacturing,Loan,AST0170,26-Oct-15,42956,809,11755,171144,172860,107,23.39,1.36,0.27,179,21,100,02-Jun-17,High-Risk,0/131/251,No,0.706,0.925,0.517,v4.6,High,"{""IncomeImpact"": 0.181, ""CreditHistory"": 0.568, ""DTI"": 0.915}",37752,288183,118408,Active,No,No,Yes,12-May-21,02-Jan-28,DataWarehouse,27-Sept-18,24-Aug-22,0.65,2,2,No,69
CUST0171,201,Onfre Rallings,West,Retail,Mortgage,AST0171,27-Jul-24,47257,480,38338,10310,105706,1664,8.17,0.84,0.11,176,22,124,16-Aug-24,Good,80/112/97,Yes,0.697,0.297,0.737,v1.3,Low,"{""IncomeImpact"": 0.924, ""CreditHistory"": 0.971, ""DTI"": 0.944}",126034,261498,203826,Active,No,No,No,09-Mar-15,17-Mar-25,DataWarehouse,18-Aug-15,15-Oct-18,0.89,2,7,Yes,28
CUST0172,226,Esme Vispo,Central,Manufacturing,Mortgage,AST0172,19-Jan-24,48353,538,6720,9667,197796,1259,12.73,0.14,0.91,158,2,62,25-Dec-24,High-Risk,83/33/7,Yes,0.862,0.845,0.798,v1.4,Low,"{""IncomeImpact"": 0.319, ""CreditHistory"": 0.829, ""DTI"": 0.037}",240172,325458,89490,Written-Off,Yes,Yes,Yes,29-Jul-20,03-May-28,CoreBanking,16-Sept-15,09-Jan-24,0.6,11,7,No,16
CUST0173,118,Nita Rostern,South,Retail,Mortgage,AST0173,03-Sept-22,47531,346,40868,45468,92950,617,3.9,0.37,0.42,178,23,141,14-Mar-24,Good,56/62/297,Yes,0.23,0.121,0.862,v2.1,High,"{""IncomeImpact"": 0.077, ""CreditHistory"": 0.696, ""DTI"": 0.34}",198200,412718,82708,Active,No,Yes,Yes,30-Jan-15,03-Jan-26,CRM,04-Dec-22,23-Apr-22,0.8,10,7,No,89
CUST0174,238,Cristal Foard,East,Technology,Credit Line,AST0174,03-Jun-16,43733,721,17679,45756,165048,408,15.31,1.46,0.61,22,40,77,23-Mar-17,Irregular,53/1/285,Yes,0.065,0.315,0.813,v2.1,High,"{""IncomeImpact"": 0.539, ""CreditHistory"": 0.791, ""DTI"": 0.319}",51165,329492,189740,Written-Off,Yes,No,Yes,06-Feb-18,19-Apr-25,CoreBanking,06-Apr-16,07-Dec-23,0.57,16,8,Yes,21
CUST0175,22,Les Scrange,East,Retail,Mortgage,AST0175,07-Jul-22,45290,745,18474,87633,166695,3812,2.04,1.51,0.92,45,10,7,31-Aug-22,Irregular,65/29/36,Yes,0.886,0.616,0.511,v4.9,High,"{""IncomeImpact"": 0.233, ""CreditHistory"": 0.024, ""DTI"": 0.87}",171903,224711,104202,Written-Off,No,Yes,Yes,28-Aug-18,12-Apr-26,CRM,29-Aug-17,10-Apr-23,0.71,7,7,Yes,10
CUST0176,87,Lillian Stubbington,North,Manufacturing,Mortgage,AST0176,13-Apr-20,46695,521,41939,119273,51677,3273,9.96,0.97,0.19,91,17,51,31-Dec-22,Irregular,16/8/291,Yes,0.875,0.529,0.675,v3.2,Low,"{""IncomeImpact"": 0.939, ""CreditHistory"": 0.799, ""DTI"": 0.998}",245074,245427,219269,Active,No,Yes,No,08-Oct-21,18-Nov-25,CoreBanking,25-Jun-21,14-Mar-21,0.93,3,7,No,28
CUST0177,150,Lindsay Oen,East,Finance,Credit Line,AST0177,20-Aug-21,46732,552,18241,85798,118835,4846,6.34,1.86,0.95,146,0,106,24-Mar-24,Good,5/120/258,Yes,0.767,0.402,0.992,v4.8,Medium,"{""IncomeImpact"": 0.48, ""CreditHistory"": 0.628, ""DTI"": 0.874}",252275,429524,365247,Active,No,No,Yes,07-Dec-15,18-Feb-28,CRM,10-Oct-22,17-Mar-23,0.7,7,3,No,38
CUST0178,6,Raimund Charter,North,Manufacturing,Lease,AST0178,06-Sept-17,46001,465,48091,120398,229899,4772,18.93,0.15,0.45,197,8,180,12-Sept-18,Irregular,23/94/237,Yes,0.768,0.418,0.555,v1.6,High,"{""IncomeImpact"": 0.421, ""CreditHistory"": 0.738, ""DTI"": 0.239}",175538,283355,17151,Closed,No,No,Yes,01-Nov-23,03-Nov-28,CRM,16-Dec-21,16-Nov-24,0.67,2,9,No,7
CUST0179,8,Marcellina Hallyburton,West,Technology,Loan,AST0179,30-Mar-16,44392,674,26014,45945,174914,4677,17.92,1.17,0.77,35,21,61,17-Apr-18,High-Risk,14/166/244,Yes,0.355,0.287,0.509,v2.5,Medium,"{""IncomeImpact"": 0.296, ""CreditHistory"": 0.234, ""DTI"": 0.042}",141172,269013,356634,Closed,No,Yes,Yes,08-Mar-19,09-Dec-26,API,14-Jun-20,15-Aug-20,0.76,4,8,No,58
CUST0180,72,Verene Hustings,South,Manufacturing,Loan,AST0180,18-Dec-21,46420,382,27603,46874,80595,730,3.62,0.62,0.7,127,9,52,01-May-22,High-Risk,80/5/150,No,0.988,0.428,0.975,v5.2,Medium,"{""IncomeImpact"": 0.384, ""CreditHistory"": 0.68, ""DTI"": 0.218}",182770,225269,232710,Written-Off,Yes,No,Yes,15-Sept-15,15-Feb-25,CoreBanking,12-May-24,29-Oct-20,0.82,14,10,No,84
CUST0181,73,Guenevere Wallwood,West,Technology,Credit Line,AST0181,31-Mar-22,48238,768,21928,148701,39591,2610,5.12,0.59,0.48,73,49,12,28-Feb-23,Good,45/72/233,Yes,0.786,0.089,0.734,v5.2,High,"{""IncomeImpact"": 0.418, ""CreditHistory"": 0.879, ""DTI"": 0.945}",281660,154551,95567,Active,Yes,Yes,Yes,23-Apr-16,26-Mar-25,DataWarehouse,11-Jun-21,02-Jun-16,0.72,12,3,Yes,72
CUST0182,41,Maryrose Pattie,East,Retail,Mortgage,AST0182,06-Dec-22,45408,681,31388,141522,47623,4471,8.24,1.85,0.4,127,49,37,11-Nov-23,Irregular,40/39/2,No,0.613,0.167,0.825,v3.7,Medium,"{""IncomeImpact"": 0.991, ""CreditHistory"": 0.232, ""DTI"": 0.943}",78114,424208,296344,Written-Off,No,No,Yes,16-Mar-23,08-Sept-27,CRM,25-Jul-16,09-Aug-22,0.78,10,1,No,80
CUST0183,153,Justinn Redihough,East,Finance,Lease,AST0183,06-Jun-24,46716,356,41855,168116,56157,4879,13.63,1.58,0.77,50,1,21,28-Sept-24,High-Risk,57/173/44,No,0.608,0.513,0.593,v2.7,Medium,"{""IncomeImpact"": 0.231, ""CreditHistory"": 0.177, ""DTI"": 0.22}",269202,499614,29385,Written-Off,No,No,Yes,11-Jan-23,15-Oct-29,API,23-Feb-19,01-May-19,0.69,10,6,No,40
CUST0184,234,Timmy Boschmann,South,Manufacturing,Credit Line,AST0184,31-Dec-19,46492,753,20915,42936,216202,3572,18.49,0.89,0.84,153,5,36,27-Jun-20,Good,38/121/268,No,0.78,0.35,0.964,v1.9,Medium,"{""IncomeImpact"": 0.058, ""CreditHistory"": 0.969, ""DTI"": 0.884}",47372,8470,214675,Written-Off,No,No,Yes,26-Mar-21,05-Aug-27,CoreBanking,27-Mar-17,31-Jan-17,0.92,10,9,No,6
CUST0185,177,Hettie Durward,West,Technology,Credit Line,AST0185,24-Mar-24,46976,529,3758,641,45376,2251,8.2,1.32,0.64,31,41,170,26-Aug-24,Irregular,53/45/251,Yes,0.995,0.174,0.577,v1.1,Medium,"{""IncomeImpact"": 0.396, ""CreditHistory"": 0.758, ""DTI"": 0.696}",259500,39983,313991,Written-Off,No,No,No,26-Sept-24,13-Jun-26,API,14-Oct-22,05-Mar-24,0.56,17,10,Yes,34
CUST0186,156,Edlin Sandeman,South,Retail,Credit Line,AST0186,29-Oct-16,45419,438,25421,42810,18864,2333,9.67,1.31,0.96,12,18,74,25-Jun-17,High-Risk,81/19/263,Yes,0.816,0.224,0.79,v2.1,High,"{""IncomeImpact"": 0.224, ""CreditHistory"": 0.537, ""DTI"": 0.593}",88627,290061,169138,Closed,No,No,No,28-Jan-16,31-Dec-27,DataWarehouse,26-Mar-24,11-Aug-16,0.51,17,5,No,100
CUST0187,56,Rodrick Clingan,South,Finance,Mortgage,AST0187,09-Jun-20,46043,458,34989,57963,222992,1643,20.08,1.16,0.69,134,34,141,06-May-22,High-Risk,96/29/213,No,0.091,0.877,0.978,v1.1,Low,"{""IncomeImpact"": 0.266, ""CreditHistory"": 0.13, ""DTI"": 0.889}",10111,256405,182562,Closed,No,Yes,No,23-Dec-24,08-May-28,DataWarehouse,06-Dec-16,17-Dec-22,0.65,4,4,Yes,89
CUST0188,206,Shae Brachell,East,Healthcare,Mortgage,AST0188,06-Aug-16,45771,433,7151,111360,186093,1015,2.87,1.57,0.76,10,12,27,20-Feb-19,Good,84/131/30,No,0.862,0.81,0.704,v1.4,Low,"{""IncomeImpact"": 0.655, ""CreditHistory"": 0.551, ""DTI"": 0.087}",35732,163149,350007,Active,Yes,Yes,Yes,03-Aug-21,14-Feb-26,CoreBanking,09-Jul-22,10-Dec-18,0.51,5,5,No,46
CUST0189,144,Juanita Spottiswoode,Central,Technology,Loan,AST0189,19-Oct-16,45077,401,39888,3665,143631,1877,18.18,1.93,0.17,193,34,1,06-Jul-19,High-Risk,12/54/258,No,0.373,0.26,0.61,v3.9,Low,"{""IncomeImpact"": 0.723, ""CreditHistory"": 0.496, ""DTI"": 0.081}",231511,358121,56268,Active,No,No,No,27-May-17,20-Nov-27,CoreBanking,28-Jul-19,07-Apr-16,0.88,11,2,No,15
CUST0190,38,Randi Ison,East,Retail,Loan,AST0190,29-Oct-20,45054,384,23503,129423,35335,3252,7.81,1.24,0.31,113,14,141,20-Mar-22,Irregular,37/109/96,Yes,0.683,0.076,0.796,v4.5,Low,"{""IncomeImpact"": 0.851, ""CreditHistory"": 0.495, ""DTI"": 0.481}",7703,358453,257765,Written-Off,Yes,No,No,10-Nov-20,10-Sept-28,CRM,03-May-16,10-Aug-16,0.7,19,2,Yes,9
CUST0191,97,Tiffy Godding,South,Technology,Credit Line,AST0191,29-Jan-19,44674,425,17261,111333,195106,4188,7.68,1.46,0.58,69,48,164,22-Dec-20,Irregular,45/121/207,No,0.825,0.348,0.939,v5.4,Low,"{""IncomeImpact"": 0.678, ""CreditHistory"": 0.566, ""DTI"": 0.267}",239359,61642,64062,Closed,No,No,Yes,17-Jan-22,03-Oct-25,CRM,12-Feb-16,11-Apr-23,0.53,3,8,Yes,23
CUST0192,240,Amii McBeath,South,Retail,Loan,AST0192,17-Apr-19,46413,378,45324,197029,141301,4132,20.03,0.48,0.66,125,32,66,16-Dec-22,High-Risk,43/138/279,Yes,0.797,0.658,0.919,v1.6,Low,"{""IncomeImpact"": 0.851, ""CreditHistory"": 0.867, ""DTI"": 0.708}",202132,240990,164919,Closed,No,No,Yes,15-May-15,29-Dec-25,DataWarehouse,02-Dec-24,02-Dec-22,0.58,14,3,No,92
CUST0193,18,Meyer Sutterfield,Central,Manufacturing,Credit Line,AST0193,13-May-19,45959,787,38847,40975,137824,556,10.39,1.04,0.97,157,43,90,03-Aug-20,Irregular,41/15/14,Yes,0.697,0.68,0.94,v2.5,Medium,"{""IncomeImpact"": 0.619, ""CreditHistory"": 0.753, ""DTI"": 0.159}",15103,406182,327760,Closed,No,Yes,No,14-Nov-18,02-Jan-27,API,09-Dec-18,20-Aug-15,0.83,8,4,No,76
CUST0194,92,Philippine Gate,East,Finance,Lease,AST0194,14-Dec-15,45535,473,3291,141142,90489,406,12.06,1.74,0.57,107,17,5,07-Sept-16,High-Risk,60/150/11,No,0.872,0.029,0.872,v4.9,Medium,"{""IncomeImpact"": 0.826, ""CreditHistory"": 0.129, ""DTI"": 0.335}",170041,305175,51236,Closed,Yes,Yes,No,27-Jul-20,27-Oct-27,DataWarehouse,13-Nov-16,23-Nov-21,0.65,14,4,No,82
CUST0195,33,Nicky Dalziel,Central,Healthcare,Lease,AST0195,02-Jul-24,49064,571,5115,77940,155345,3393,20.31,1.29,0.96,183,37,24,21-Jul-24,High-Risk,43/69/34,No,0.161,0.818,0.644,v4.3,Medium,"{""IncomeImpact"": 0.832, ""CreditHistory"": 0.507, ""DTI"": 0.006}",41192,346592,158254,Written-Off,No,No,No,30-Mar-17,29-Apr-27,API,26-Oct-17,03-Jan-22,0.76,18,3,Yes,81
CUST0196,136,Niall Senchenko,Central,Manufacturing,Mortgage,AST0196,20-Nov-22,47364,778,19559,167228,144649,3653,23.43,1.48,0.06,51,23,118,30-May-23,Good,30/38/153,No,0.617,0.981,0.77,v4.5,Low,"{""IncomeImpact"": 0.632, ""CreditHistory"": 0.26, ""DTI"": 0.634}",107723,448530,216236,Closed,No,Yes,No,14-Sept-22,16-May-28,CoreBanking,21-Jul-19,03-Sept-17,0.56,7,1,Yes,40
CUST0197,44,Demetri Ivanishchev,West,Manufacturing,Loan,AST0197,16-Mar-20,46259,506,12443,71489,40764,338,7.2,1.63,0.66,45,41,10,06-May-23,High-Risk,62/200/10,Yes,0.78,0.107,0.671,v1.5,High,"{""IncomeImpact"": 0.761, ""CreditHistory"": 0.541, ""DTI"": 0.963}",157226,459647,33335,Closed,No,Yes,No,01-Jun-24,23-Jan-29,CoreBanking,24-Aug-17,03-Apr-16,0.79,17,2,No,64
CUST0198,161,Hilde Fritzer,Central,Finance,Lease,AST0198,02-Dec-24,46362,637,40294,193262,107223,2032,23.45,0.51,0.11,54,17,112,09-Dec-24,Irregular,32/150/28,No,0.633,0.932,0.534,v5.5,High,"{""IncomeImpact"": 0.103, ""CreditHistory"": 0.937, ""DTI"": 0.688}",60224,170931,286127,Closed,No,Yes,No,11-Nov-24,26-May-29,CoreBanking,26-Jan-19,30-Apr-20,0.86,10,1,Yes,95
CUST0199,241,Donavon Morot,South,Retail,Credit Line,AST0199,05-Jun-22,48354,616,43874,183662,100120,1099,13.84,0.55,0.44,2,25,65,30-Jul-22,Irregular,11/193/120,No,0.301,0.708,0.81,v2.2,Medium,"{""IncomeImpact"": 0.067, ""CreditHistory"": 0.582, ""DTI"": 0.346}",167295,466094,337866,Closed,Yes,No,Yes,25-Mar-24,16-May-29,API,13-Apr-20,07-Apr-23,0.71,11,7,Yes,21
CUST0200,55,Norene McCrum,North,Retail,Credit Line,AST0200,31-Oct-22,46298,634,31704,182245,12169,526,16.39,0.45,0.44,164,8,0,01-Apr-24,Irregular,25/160/156,No,0.046,0.872,0.565,v5.1,Low,"{""IncomeImpact"": 0.973, ""CreditHistory"": 0.969, ""DTI"": 0.75}",83744,135864,270724,Written-Off,Yes,No,No,24-Jan-20,07-Sept-27,CoreBanking,03-Dec-17,11-Dec-16,0.84,11,5,Yes,11
CUST0201,246,Alic Mantz,West,Manufacturing,Mortgage,AST0201,25-Aug-19,45572,321,3505,146415,174635,1973,22.76,1.95,0.2,179,10,12,31-Aug-20,Irregular,79/109/133,Yes,0.758,0.025,0.885,v1.5,Low,"{""IncomeImpact"": 0.022, ""CreditHistory"": 0.324, ""DTI"": 0.489}",298398,66525,7400,Written-Off,No,No,No,30-Apr-16,05-Apr-26,CoreBanking,19-Feb-17,31-Aug-24,0.91,9,5,No,49
CUST0202,233,Bernelle Firk,Central,Healthcare,Lease,AST0202,17-Jun-16,44669,493,29415,47282,112092,1295,1.69,1.95,0.24,115,15,94,11-Oct-18,High-Risk,87/165/234,Yes,0.683,0.446,0.726,v1.7,Low,"{""IncomeImpact"": 0.274, ""CreditHistory"": 0.997, ""DTI"": 0.426}",170473,368343,208433,Written-Off,Yes,No,No,04-Apr-23,08-May-28,DataWarehouse,27-Oct-15,26-Jan-16,0.78,2,6,Yes,61
CUST0203,86,Cirstoforo Tredinnick,North,Retail,Credit Line,AST0203,22-Dec-18,46304,609,27866,175967,102229,1183,24.23,1.16,0.58,66,10,128,26-Jun-19,Irregular,43/119/67,Yes,0.164,0.795,0.84,v3.8,Medium,"{""IncomeImpact"": 0.694, ""CreditHistory"": 0.221, ""DTI"": 0.082}",75341,141527,61258,Closed,Yes,Yes,No,10-Oct-24,06-Sept-29,DataWarehouse,22-May-23,16-Jan-19,0.96,10,5,No,67
CUST0204,201,Rayshell Hesbrook,East,Manufacturing,Mortgage,AST0204,06-Jul-18,45436,750,5487,49524,43960,547,6.52,0.17,0.26,180,29,111,11-May-20,Good,63/10/226,No,0.655,0.273,0.972,v5.7,Medium,"{""IncomeImpact"": 0.951, ""CreditHistory"": 0.151, ""DTI"": 0.432}",259467,63977,377363,Active,Yes,No,Yes,14-Apr-17,14-Nov-29,DataWarehouse,09-Jan-17,12-May-24,0.58,17,5,Yes,75
CUST0205,165,Sam Kupis,South,Manufacturing,Loan,AST0205,17-Jan-15,44540,552,34644,177447,29721,2792,1.62,1.39,0.68,100,23,151,11-Jun-21,Good,41/39/14,Yes,0.42,0.639,0.705,v4.7,Medium,"{""IncomeImpact"": 0.398, ""CreditHistory"": 0.274, ""DTI"": 0.984}",142200,316534,344984,Active,No,Yes,No,23-Aug-18,07-Feb-29,CoreBanking,15-May-17,05-Sept-24,0.52,10,6,Yes,96
CUST0206,149,Christoffer Carty,West,Finance,Credit Line,AST0206,17-Oct-15,44900,561,13666,62935,207080,3367,3.14,1.72,0.16,199,25,72,18-Jul-22,High-Risk,96/167/78,Yes,0.894,0.23,0.684,v3.7,Medium,"{""IncomeImpact"": 0.213, ""CreditHistory"": 0.031, ""DTI"": 0.652}",163582,478817,359117,Written-Off,Yes,No,Yes,01-May-24,23-Jan-27,CoreBanking,28-Jun-20,30-Dec-19,0.94,16,5,No,12
CUST0207,78,Cassie Pioch,Central,Healthcare,Credit Line,AST0207,26-Jun-23,47198,736,8091,10600,139569,2899,24.36,1.39,0.65,182,9,126,07-Jul-24,High-Risk,80/165/268,Yes,0.864,0.473,0.888,v3.7,Medium,"{""IncomeImpact"": 0.968, ""CreditHistory"": 0.186, ""DTI"": 0.869}",42514,480638,250405,Closed,Yes,Yes,No,08-Jun-24,25-May-26,API,25-Apr-18,17-May-21,0.52,3,1,Yes,66
CUST0208,173,Gabrielle Lyptrade,West,Technology,Lease,AST0208,07-Oct-19,45801,663,18702,153503,26435,4224,1.39,1.51,0.46,46,25,11,17-Apr-20,Good,53/180/152,No,0.771,0.845,0.516,v5.7,High,"{""IncomeImpact"": 0.761, ""CreditHistory"": 0.626, ""DTI"": 0.131}",236902,332056,138975,Closed,Yes,Yes,Yes,17-Nov-15,10-Mar-29,DataWarehouse,10-Oct-24,21-Jul-22,0.55,18,1,Yes,51
CUST0209,138,Gerry Harring,West,Manufacturing,Credit Line,AST0209,22-Apr-16,42901,798,21844,162135,218157,3055,17.58,1.93,0.68,77,5,32,18-Jul-16,Good,1/48/57,Yes,0.921,0.617,0.563,v2.0,Low,"{""IncomeImpact"": 0.797, ""CreditHistory"": 0.482, ""DTI"": 0.117}",253243,345065,76102,Written-Off,Yes,No,Yes,19-Dec-15,09-Sept-26,API,29-Aug-16,25-Apr-20,0.71,4,3,Yes,95
CUST0210,233,Noelyn Tibb,West,Finance,Credit Line,AST0210,17-Nov-22,47070,548,15194,77288,154272,3309,2.22,0.11,0.63,182,27,106,27-Mar-24,Irregular,94/148/283,No,0.686,0.43,0.791,v1.7,Medium,"{""IncomeImpact"": 0.201, ""CreditHistory"": 0.492, ""DTI"": 0.064}",255856,274146,309874,Written-Off,No,Yes,Yes,03-Dec-20,08-Feb-25,API,18-Jun-21,17-Jul-18,0.78,9,7,No,15
CUST0211,205,Pip Bradden,East,Manufacturing,Credit Line,AST0211,19-Jul-20,46946,321,12573,75500,195371,1674,12.26,0.93,0.51,150,43,86,03-Mar-24,High-Risk,91/168/239,Yes,0.269,0.798,0.536,v3.6,Medium,"{""IncomeImpact"": 0.31, ""CreditHistory"": 0.455, ""DTI"": 0.012}",189877,422318,247634,Active,Yes,No,Yes,25-Jun-22,16-Sept-27,CoreBanking,10-Dec-16,28-Mar-17,0.58,16,2,No,64
CUST0212,188,Noni Oseman,Central,Finance,Loan,AST0212,28-May-18,44574,667,19092,93596,182452,1399,5.19,1.73,0.5,16,21,110,30-Jul-19,Good,79/58/61,Yes,0.392,0.48,0.93,v4.4,Medium,"{""IncomeImpact"": 0.6, ""CreditHistory"": 0.292, ""DTI"": 0.695}",187248,408373,24471,Written-Off,No,Yes,Yes,03-Dec-22,14-Apr-25,API,17-Dec-23,16-Feb-20,0.98,4,2,Yes,72
CUST0213,32,Murvyn Reckhouse,South,Finance,Mortgage,AST0213,21-Jun-15,44618,670,12291,190932,81578,3716,19.29,1.05,0.87,39,41,93,25-Aug-16,Irregular,17/31/103,No,0.78,0.04,0.993,v4.0,Low,"{""IncomeImpact"": 0.481, ""CreditHistory"": 0.105, ""DTI"": 0.242}",249336,183950,150343,Written-Off,Yes,Yes,No,06-Mar-19,04-Jan-29,API,17-Jan-19,22-Jan-22,0.83,5,9,No,30
CUST0214,218,Cora Wyndham,West,Manufacturing,Credit Line,AST0214,19-Jul-16,46219,828,46708,94836,12802,3725,4.49,0.12,0.81,17,5,86,10-May-21,Irregular,51/197/84,No,0.142,0.499,0.505,v1.6,Low,"{""IncomeImpact"": 0.618, ""CreditHistory"": 0.702, ""DTI"": 0.56}",80142,478175,301233,Active,No,No,No,07-Dec-24,26-Oct-28,DataWarehouse,03-Feb-23,01-May-23,0.66,12,1,No,68
CUST0215,127,Bing Beckles,West,Manufacturing,Mortgage,AST0215,05-Nov-21,45471,752,47709,90505,237698,3413,19.61,1.77,0.08,137,21,99,23-Oct-23,High-Risk,92/189/64,No,0.326,0.518,0.539,v2.1,High,"{""IncomeImpact"": 0.088, ""CreditHistory"": 0.351, ""DTI"": 0.033}",290294,168710,273330,Closed,Yes,Yes,Yes,25-Dec-24,20-Jun-29,DataWarehouse,15-Sept-17,01-May-24,0.89,14,9,Yes,94
CUST0216,5,Janina Dilrew,Central,Retail,Loan,AST0216,03-Sept-15,44142,348,44661,32702,122633,2540,14.74,0.11,0.34,60,47,148,15-Feb-17,High-Risk,91/160/273,Yes,0.397,0.133,0.6,v3.4,Medium,"{""IncomeImpact"": 0.568, ""CreditHistory"": 0.689, ""DTI"": 0.801}",74385,379525,198005,Written-Off,Yes,Yes,No,16-Oct-20,07-Apr-28,CoreBanking,24-Mar-24,24-Sept-23,0.68,4,3,No,53
CUST0217,4,Sophia Belham,West,Healthcare,Credit Line,AST0217,02-Dec-15,43082,519,31239,20466,101808,4411,10.67,1.16,0.78,67,37,127,03-Feb-16,High-Risk,54/112/250,No,0.167,0.105,0.968,v2.2,High,"{""IncomeImpact"": 0.636, ""CreditHistory"": 0.706, ""DTI"": 0.032}",67649,259156,372847,Closed,Yes,Yes,Yes,09-Feb-20,28-Aug-27,CRM,16-May-23,04-Oct-16,0.97,12,2,No,15
CUST0218,208,Vin Fernie,East,Finance,Mortgage,AST0218,10-May-16,44378,420,26344,79934,103162,2584,8.06,0.15,0.14,200,37,107,24-Jul-19,Good,39/72/110,Yes,0.052,0.541,0.901,v4.0,Low,"{""IncomeImpact"": 0.709, ""CreditHistory"": 0.871, ""DTI"": 0.714}",288067,187792,35423,Active,No,No,No,06-May-21,16-Jul-27,DataWarehouse,06-Oct-23,26-Mar-19,0.74,20,3,Yes,65
CUST0219,44,Pepi Martellini,West,Healthcare,Lease,AST0219,19-Feb-22,46863,391,42944,174195,168470,3455,10.29,1.81,0.34,11,42,113,28-Aug-24,High-Risk,35/165/45,Yes,0.339,0.815,0.909,v1.9,High,"{""IncomeImpact"": 0.08, ""CreditHistory"": 0.895, ""DTI"": 0.548}",162925,299148,338249,Active,Yes,Yes,Yes,24-May-21,05-Dec-27,CoreBanking,02-Jun-23,03-May-20,0.75,1,2,Yes,3
CUST0220,193,Sanson Tanby,South,Technology,Credit Line,AST0220,31-Jan-18,46718,386,36966,159083,88999,3391,15.13,1.03,0.93,87,27,46,22-May-20,Irregular,3/135/162,No,0.452,0.644,0.53,v3.1,Low,"{""IncomeImpact"": 0.526, ""CreditHistory"": 0.732, ""DTI"": 0.082}",53079,289048,88162,Closed,Yes,Yes,No,13-Aug-23,03-Jul-25,CoreBanking,10-Jun-18,27-Jul-19,0.84,2,10,No,24
CUST0221,117,Page Ham,East,Manufacturing,Loan,AST0221,22-Apr-15,45402,627,11336,108219,239097,2755,7.19,1.89,0.9,13,12,61,17-Dec-15,High-Risk,75/60/252,No,0.247,0.16,0.668,v1.4,Low,"{""IncomeImpact"": 0.872, ""CreditHistory"": 0.219, ""DTI"": 0.976}",167899,248701,289994,Closed,Yes,No,Yes,28-Jul-19,21-Jul-28,CoreBanking,08-Dec-24,18-Mar-15,0.63,19,2,Yes,98
CUST0222,193,Minnie Conachy,East,Technology,Credit Line,AST0222,22-Mar-21,47310,756,7499,166670,136185,1766,19.79,0.37,0.54,43,50,62,04-Dec-21,High-Risk,54/142/231,Yes,0.182,0.79,0.86,v1.7,High,"{""IncomeImpact"": 0.659, ""CreditHistory"": 0.498, ""DTI"": 0.555}",152650,347390,87756,Active,Yes,No,No,14-Sept-21,29-May-26,API,10-Dec-18,12-Jun-24,0.82,19,9,No,6
CUST0223,200,Orran Pahler,Central,Finance,Lease,AST0223,23-Oct-16,46058,391,27906,183089,37237,1244,18.4,2,0.88,53,39,129,19-Oct-22,Irregular,87/87/133,No,0.228,0.996,0.84,v3.3,High,"{""IncomeImpact"": 0.975, ""CreditHistory"": 0.65, ""DTI"": 0.2}",169631,184112,110427,Closed,No,Yes,Yes,01-Apr-22,05-Jan-25,API,18-Jan-15,09-Feb-15,0.84,14,9,No,98
CUST0224,154,Kessiah Fardon,North,Technology,Loan,AST0224,28-May-19,46182,755,46056,32352,97535,3183,20.86,0.78,0.18,196,44,2,10-Nov-19,Good,59/94/98,No,0.072,0.031,0.864,v1.3,High,"{""IncomeImpact"": 0.258, ""CreditHistory"": 0.463, ""DTI"": 0.868}",11371,402631,147395,Written-Off,No,Yes,Yes,26-Feb-24,10-Jun-28,DataWarehouse,25-Jan-24,19-Jan-23,0.61,16,6,Yes,36
CUST0225,17,Marlane Murkitt,Central,Healthcare,Loan,AST0225,11-Jul-20,47271,500,43840,103831,34083,2372,14.66,1.04,0.55,168,47,144,27-Jun-24,High-Risk,87/154/289,Yes,0.743,0.425,0.52,v1.9,Low,"{""IncomeImpact"": 0.346, ""CreditHistory"": 0.371, ""DTI"": 0.988}",35104,71810,136117,Written-Off,Yes,No,Yes,04-Jul-24,20-Oct-28,CRM,09-Oct-22,08-Aug-22,0.77,9,9,No,1
CUST0226,115,Saidee Mapowder,North,Retail,Credit Line,AST0226,16-Oct-19,46744,716,19959,31907,183303,4345,12.2,0.79,0.76,184,14,12,25-Jul-23,Irregular,53/136/229,No,0.867,0.579,0.937,v1.6,Low,"{""IncomeImpact"": 0.439, ""CreditHistory"": 0.725, ""DTI"": 0.487}",176482,47891,299798,Active,Yes,No,Yes,20-Oct-17,08-Feb-26,CoreBanking,10-Sept-18,27-Jun-18,0.53,4,1,No,56
CUST0227,33,Erastus Berardt,East,Retail,Mortgage,AST0227,23-Jan-24,45777,410,33036,62484,94339,545,20.72,1.09,0.24,18,49,153,21-Nov-24,High-Risk,56/195/48,No,0.901,0.422,0.605,v5.1,Low,"{""IncomeImpact"": 0.277, ""CreditHistory"": 0.592, ""DTI"": 0.912}",32817,485622,17481,Closed,No,Yes,Yes,11-Sept-15,02-Jul-29,API,13-Aug-15,19-May-18,0.81,14,2,Yes,87
CUST0228,72,Tades Bernardet,East,Manufacturing,Credit Line,AST0228,17-Aug-15,44888,398,42455,197122,112769,2009,21.75,1.6,0.62,116,24,118,17-Mar-16,Irregular,79/158/51,No,0.623,0.632,0.955,v1.7,High,"{""IncomeImpact"": 0.733, ""CreditHistory"": 0.132, ""DTI"": 0.716}",173068,313183,100915,Active,Yes,Yes,Yes,25-Aug-21,05-Jun-29,CoreBanking,05-Jun-21,31-May-16,0.82,9,6,No,62
CUST0229,114,Vanessa McKinley,South,Healthcare,Mortgage,AST0229,16-Feb-23,47881,345,5964,33470,86701,4888,11.46,1.92,0.75,79,37,138,16-May-24,Good,18/120/158,No,0.18,0.238,0.746,v3.5,Low,"{""IncomeImpact"": 0.971, ""CreditHistory"": 0.181, ""DTI"": 0.854}",272413,312463,344812,Written-Off,Yes,Yes,Yes,08-Sept-20,05-Aug-29,CRM,25-Sept-19,09-Nov-18,0.6,7,4,Yes,44
CUST0230,147,Hestia Kenforth,West,Technology,Lease,AST0230,14-Feb-17,45880,643,42376,78546,114758,2792,4.89,0.96,0.79,10,31,56,16-Jun-22,Good,81/57/117,No,0.247,0.871,0.796,v5.3,Low,"{""IncomeImpact"": 0.445, ""CreditHistory"": 0.515, ""DTI"": 0.359}",253049,390134,173809,Written-Off,No,Yes,No,24-Jan-17,19-Aug-29,CRM,26-Jan-19,10-Feb-15,0.54,1,9,Yes,19
CUST0231,76,Maurits Gallahar,Central,Retail,Loan,AST0231,05-Apr-18,45363,330,15049,51858,79475,1526,6.25,0.6,0.17,141,15,45,09-Jun-20,Good,2/45/134,Yes,0.164,0.391,0.663,v1.2,Medium,"{""IncomeImpact"": 0.969, ""CreditHistory"": 0.258, ""DTI"": 0.657}",59179,182410,110224,Closed,No,Yes,No,29-Jan-24,02-Feb-27,CoreBanking,28-Nov-20,17-Dec-23,1,14,2,Yes,19
CUST0232,65,Lishe Foro,South,Technology,Credit Line,AST0232,24-Nov-24,46520,683,22837,157168,117601,2103,23.1,1.55,0.59,137,18,38,06-Dec-24,Irregular,31/13/143,Yes,0.773,0.131,0.537,v5.9,Medium,"{""IncomeImpact"": 0.97, ""CreditHistory"": 0.454, ""DTI"": 0.236}",110700,386313,42681,Closed,Yes,Yes,No,05-Jun-23,13-Dec-29,DataWarehouse,04-Aug-20,26-Oct-20,0.73,11,6,No,92
CUST0233,126,Tamma Kleisle,Central,Manufacturing,Loan,AST0233,19-Jul-20,46336,512,16386,53215,123510,2020,10.5,0.68,0.89,146,10,95,19-Jan-22,Irregular,70/21/68,Yes,0.17,0.52,0.624,v3.7,High,"{""IncomeImpact"": 0.337, ""CreditHistory"": 0.829, ""DTI"": 0.431}",185326,125679,306164,Active,No,No,No,22-Jan-20,16-Aug-27,API,03-Aug-19,14-Feb-19,0.9,11,5,No,4
CUST0234,73,Pepi Coggins,East,Finance,Lease,AST0234,05-Jan-17,44914,384,21301,131534,139425,4578,16.45,1.59,0.93,25,7,18,20-Aug-19,Irregular,4/139/102,No,0.617,0.707,0.868,v2.5,Medium,"{""IncomeImpact"": 0.167, ""CreditHistory"": 0.168, ""DTI"": 0.037}",159710,395705,358371,Closed,Yes,Yes,No,04-Feb-15,27-Apr-29,DataWarehouse,28-Feb-18,22-Mar-24,0.67,13,7,Yes,61
CUST0235,13,Nola Yellep,South,Manufacturing,Mortgage,AST0235,03-May-22,47148,532,49404,196381,60017,3986,6.61,1.22,0.55,119,46,118,20-Jun-24,Irregular,10/80/96,No,0.664,0.475,0.934,v4.3,Medium,"{""IncomeImpact"": 0.844, ""CreditHistory"": 0.806, ""DTI"": 0.585}",236914,452188,292786,Active,No,Yes,Yes,05-Jun-18,20-Feb-29,CRM,09-Aug-20,02-Feb-24,0.83,12,6,Yes,54
CUST0236,154,Miles Servante,West,Technology,Lease,AST0236,10-Oct-19,46921,633,40466,6092,153787,363,23.13,0.39,0.95,84,36,161,29-Dec-23,High-Risk,77/146/200,No,0.206,0.112,0.968,v2.6,Low,"{""IncomeImpact"": 0.27, ""CreditHistory"": 0.057, ""DTI"": 0.531}",281226,207602,98743,Closed,Yes,No,No,02-Mar-22,16-Sept-26,CRM,03-Dec-16,03-Mar-16,0.84,6,1,No,4
CUST0237,10,Gwendolin Gonzalez,West,Retail,Mortgage,AST0237,03-Feb-17,43949,538,21077,172902,142467,673,11.91,0.8,0.01,83,26,100,25-Jun-17,Good,14/33/274,No,0.039,0.122,0.754,v4.1,Medium,"{""IncomeImpact"": 0.452, ""CreditHistory"": 0.934, ""DTI"": 0.316}",109254,73121,107833,Closed,No,No,Yes,08-Oct-21,23-Mar-28,DataWarehouse,03-Aug-21,11-Apr-17,0.75,15,5,Yes,1
CUST0238,145,Berenice Huetson,West,Technology,Mortgage,AST0238,07-Aug-16,44779,838,23554,149219,235487,4121,12.04,1.19,0.74,73,41,116,26-Apr-17,Irregular,89/182/152,No,0.042,0.148,0.976,v5.2,Medium,"{""IncomeImpact"": 0.987, ""CreditHistory"": 0.965, ""DTI"": 0.005}",131618,99150,323871,Written-Off,No,No,No,23-May-22,11-Jan-26,CRM,31-May-19,01-Nov-22,0.97,8,3,No,81
CUST0239,80,Glad Dispencer,North,Healthcare,Credit Line,AST0239,11-Jan-21,45767,721,38229,31779,101660,726,19.13,1.06,0.78,104,28,42,07-Oct-24,Irregular,26/129/22,No,0.639,0.868,0.833,v1.1,High,"{""IncomeImpact"": 0.455, ""CreditHistory"": 0.516, ""DTI"": 0.489}",243170,204835,180175,Written-Off,No,Yes,No,04-Jun-15,22-Jan-25,DataWarehouse,14-Apr-16,14-Dec-22,0.96,11,8,No,60
CUST0240,64,Halsy Player,South,Manufacturing,Mortgage,AST0240,07-Oct-15,42987,782,20293,42301,49718,247,15.57,0.44,0.12,189,25,43,20-Apr-17,Good,85/195/5,No,0.14,0.03,0.837,v2.7,Medium,"{""IncomeImpact"": 0.308, ""CreditHistory"": 0.705, ""DTI"": 0.202}",94291,118598,374557,Active,Yes,No,Yes,19-May-24,24-Jul-28,CRM,19-May-19,28-Sept-22,0.65,2,10,Yes,7
CUST0241,145,Nate Ithell,South,Healthcare,Lease,AST0241,30-Aug-23,47078,544,15106,23956,9204,3554,1.67,0.13,0.82,174,42,16,25-Sept-24,Good,12/170/85,Yes,0.97,0.094,0.589,v1.6,High,"{""IncomeImpact"": 0.673, ""CreditHistory"": 0.444, ""DTI"": 0.868}",57457,432622,171516,Closed,Yes,Yes,No,19-Oct-19,05-Sept-25,CoreBanking,25-May-17,09-Mar-16,0.68,6,1,No,84
CUST0242,70,Arch Plevin,South,Manufacturing,Mortgage,AST0242,19-Jul-18,43714,367,45120,72995,175379,3122,2.05,1.78,0.41,196,38,127,03-Feb-19,Good,91/137/291,Yes,0.693,0.838,0.809,v3.1,High,"{""IncomeImpact"": 0.945, ""CreditHistory"": 0.683, ""DTI"": 0.497}",171055,335759,365069,Closed,Yes,No,Yes,15-Feb-22,09-Apr-29,DataWarehouse,19-Jul-24,22-Jun-22,0.74,11,1,No,49
CUST0243,110,Hayward Asgodby,South,Technology,Loan,AST0243,24-Sept-20,47086,538,3390,161572,203951,1116,8.41,1.5,0.76,158,5,15,21-Nov-24,Good,47/127/151,Yes,0.869,0.571,0.838,v2.6,Low,"{""IncomeImpact"": 0.03, ""CreditHistory"": 0.931, ""DTI"": 0.69}",20874,129814,380270,Written-Off,No,No,Yes,13-Feb-18,13-Oct-26,CRM,03-Nov-20,18-Nov-23,0.99,10,1,Yes,94
CUST0244,194,Deeyn Grimoldby,South,Technology,Loan,AST0244,18-Sept-18,45129,554,47046,182525,193613,1922,15.59,0.82,0.32,113,40,1,27-Jan-20,Good,62/17/98,Yes,0.216,0.659,0.829,v2.3,Low,"{""IncomeImpact"": 0.394, ""CreditHistory"": 0.651, ""DTI"": 0.107}",49108,96056,310709,Written-Off,Yes,Yes,Yes,12-Oct-19,24-Jan-29,API,29-Jun-18,03-Nov-16,0.86,8,7,Yes,78
CUST0245,224,Lacey Ludy,Central,Manufacturing,Mortgage,AST0245,16-Oct-17,44630,578,33534,20975,99262,3362,10.07,0.99,0.42,156,47,110,23-May-19,Good,61/5/195,No,0.999,0.048,0.891,v1.4,High,"{""IncomeImpact"": 0.977, ""CreditHistory"": 0.407, ""DTI"": 0.871}",282646,85110,289853,Written-Off,Yes,No,No,14-Mar-20,19-Sept-26,API,06-Mar-18,17-Mar-19,0.78,16,2,No,18
CUST0246,28,Arabelle Labro,South,Healthcare,Loan,AST0246,07-Jan-23,47220,313,34813,191461,195144,3165,12.79,1.86,0.94,190,23,98,26-Jul-23,Irregular,39/164/36,No,0.567,0.738,0.834,v1.1,Medium,"{""IncomeImpact"": 0.879, ""CreditHistory"": 0.404, ""DTI"": 0.327}",297541,90124,101831,Closed,No,No,No,13-Feb-22,11-Nov-28,DataWarehouse,23-Oct-22,25-Aug-15,0.83,14,4,Yes,62
CUST0247,70,Trey Woofinden,North,Healthcare,Lease,AST0247,22-May-15,43991,766,46634,38631,71660,2126,15.45,1.91,0.84,3,7,23,04-Dec-18,High-Risk,91/98/203,Yes,0.808,0.762,0.56,v5.3,Medium,"{""IncomeImpact"": 0.798, ""CreditHistory"": 0.436, ""DTI"": 0.818}",87939,440027,223803,Closed,No,No,No,26-Mar-23,23-Apr-27,CRM,23-Mar-16,18-Feb-22,0.79,12,3,No,96
CUST0248,204,Stacey Moy,East,Finance,Mortgage,AST0248,08-May-17,46292,803,2103,25394,23308,3522,13.6,1.34,0.73,43,11,95,24-Oct-21,Good,90/34/101,No,0.544,0.006,0.848,v2.8,Low,"{""IncomeImpact"": 0.325, ""CreditHistory"": 0.366, ""DTI"": 0.396}",237276,302319,111449,Active,Yes,Yes,Yes,28-Jan-24,04-Apr-29,CoreBanking,28-Nov-17,10-Oct-24,0.7,20,2,Yes,11
CUST0249,11,Bradley Durkin,North,Retail,Loan,AST0249,15-Apr-18,43921,650,3944,153523,66546,4014,12.64,1.55,0.01,68,48,1,06-May-19,High-Risk,74/10/49,Yes,0.389,0.449,0.537,v5.0,Medium,"{""IncomeImpact"": 0.238, ""CreditHistory"": 0.373, ""DTI"": 0.227}",273668,404173,139374,Closed,No,No,No,10-Oct-18,30-Jan-27,DataWarehouse,15-Jul-18,28-Feb-24,0.62,12,7,No,79
CUST0250,65,Guthrey Larenson,East,Finance,Loan,AST0250,23-Aug-15,44062,767,47764,105331,195112,1237,1.62,0.33,0.53,179,48,63,15-Jul-20,Irregular,57/158/243,No,0.603,0.668,0.932,v2.0,High,"{""IncomeImpact"": 0.619, ""CreditHistory"": 0.463, ""DTI"": 0.38}",169916,13719,332281,Closed,Yes,No,No,14-Aug-17,27-May-28,API,28-Jun-19,16-Apr-23,0.81,3,6,No,61
